լինել	to be	frequency top-1000 rank-0001 src-sakayan-paradigm
կարդալ	to read	frequency top-1000 rank-0002 src-sakayan-paradigm
գրել	to write	frequency top-1000 rank-0003 src-sakayan-paradigm
ինչ	what	frequency top-1000 rank-0004 src-sakayan-vocab
ունենալ	to have	frequency top-1000 rank-0005 src-sakayan-vocab
մի	a little	frequency top-1000 rank-0006 src-sakayan-vocab
իսկ	and, but	frequency top-1000 rank-0007 src-sakayan-vocab
այո		frequency top-1000 rank-0008 src-—
գալ	to come	frequency top-1000 rank-0009 src-sakayan-vocab
շատ	much, many	frequency top-1000 rank-0010 src-sakayan-vocab
բայց	but	frequency top-1000 rank-0011 src-sakayan-vocab
ոչ	nobody	frequency top-1000 rank-0012 src-sakayan-vocab
ձեր		frequency top-1000 rank-0013 src-—
գիտենալ	to know	frequency top-1000 rank-0014 src-sakayan-vocab
էլ	too, also	frequency top-1000 rank-0015 src-sakayan-vocab
որ	that	frequency top-1000 rank-0016 src-sakayan-vocab
սեր	love (noun) / любовь	frequency top-1000 rank-0017 src-frequency-gap
ու		frequency top-1000 rank-0018 src-—
ասել	to say	frequency top-1000 rank-0019 src-sakayan-vocab
կարել		frequency top-1000 rank-0020 src-—
ինձ	me, myself	frequency top-1000 rank-0021 src-sakayan-vocab
նստել	to sit down	frequency top-1000 rank-0022 src-sakayan-paradigm
հայերեն	Armenian (language)	frequency top-1000 rank-0023 src-sakayan-vocab
նոր	new	frequency top-1000 rank-0024 src-sakayan-vocab
անել	to do	frequency top-1000 rank-0025 src-sakayan-vocab
չէ		frequency top-1000 rank-0026 src-—
սա		frequency top-1000 rank-0027 src-—
ուզել		frequency top-1000 rank-0028 src-—
այստեղ	here	frequency top-1000 rank-0029 src-sakayan-vocab
գնալ	to go	frequency top-1000 rank-0030 src-sakayan-vocab
այս	this	frequency top-1000 rank-0031 src-sakayan-vocab
այսօր	today	frequency top-1000 rank-0032 src-sakayan-vocab
տանել	to take	frequency top-1000 rank-0033 src-sakayan-vocab
համար		frequency top-1000 rank-0034 src-—
բարև		frequency top-1000 rank-0035 src-—
խնդրեմ		frequency top-1000 rank-0036 src-—
քան		frequency top-1000 rank-0037 src-—
դառնալ	to become, to turn	frequency top-1000 rank-0038 src-sakayan-vocab
օր	day	frequency top-1000 rank-0039 src-sakayan-vocab
թե	as to why	frequency top-1000 rank-0040 src-sakayan-vocab
բերել	to bring, to fetch	frequency top-1000 rank-0041 src-sakayan-vocab
երբ	when	frequency top-1000 rank-0042 src-sakayan-vocab
տեսնել	to see	frequency top-1000 rank-0043 src-sakayan-vocab
ձեզ		frequency top-1000 rank-0044 src-—
ժամ		frequency top-1000 rank-0045 src-—
լավ	good	frequency top-1000 rank-0046 src-sakayan-vocab
քիչ	little	frequency top-1000 rank-0047 src-sakayan-vocab
հիանալ	to admire	frequency top-1000 rank-0048 src-sakayan-vocab
ինչու	why	frequency top-1000 rank-0049 src-sakayan-vocab
տալ	to give	frequency top-1000 rank-0050 src-sakayan-paradigm
տարեկան		frequency top-1000 rank-0051 src-—
քեզ		frequency top-1000 rank-0052 src-—
կա		frequency top-1000 rank-0053 src-—
եթե	if	frequency top-1000 rank-0054 src-sakayan-vocab
ամառ	summer	frequency top-1000 rank-0055 src-sakayan-vocab
գեղեցիկ	beautiful	frequency top-1000 rank-0056 src-sakayan-vocab
դեռ	still, yet	frequency top-1000 rank-0057 src-sakayan-vocab
ուր	wherever	frequency top-1000 rank-0058 src-sakayan-vocab
առնել	to take / to buy	frequency top-1000 rank-0059 src-sakayan-paradigm
ընկնել	to fall	frequency top-1000 rank-0060 src-sakayan-vocab
դնել	to put, to place	frequency top-1000 rank-0061 src-sakayan-vocab
շնորհակալ		frequency top-1000 rank-0062 src-—
այնտեղ		frequency top-1000 rank-0063 src-—
բան		frequency top-1000 rank-0064 src-—
րոպե		frequency top-1000 rank-0065 src-—
փոքր	small	frequency top-1000 rank-0066 src-sakayan-vocab
նրան	him/her	frequency top-1000 rank-0067 src-sakayan-vocab
հետ		frequency top-1000 rank-0068 src-—
մեկ	1 by 1	frequency top-1000 rank-0069 src-sakayan-vocab
դուր	to please	frequency top-1000 rank-0070 src-sakayan-vocab
մեծ	big	frequency top-1000 rank-0071 src-sakayan-vocab
բժիշկ	doctor, physician	frequency top-1000 rank-0072 src-sakayan-vocab
ուրիշ		frequency top-1000 rank-0073 src-—
մեր		frequency top-1000 rank-0074 src-—
հավանել		frequency top-1000 rank-0075 src-—
հոգնել	to get tired	frequency top-1000 rank-0076 src-sakayan-paradigm
ուտել	to eat	frequency top-1000 rank-0077 src-sakayan-paradigm
բանալ	to open	frequency top-1000 rank-0078 src-sakayan-paradigm
ելնել	to go out / to rise	frequency top-1000 rank-0079 src-sakayan-paradigm
զարկել	to hit / to strike	frequency top-1000 rank-0080 src-sakayan-paradigm
թողնել	to leave / to allow	frequency top-1000 rank-0081 src-sakayan-paradigm
լալ	to cry / to weep	frequency top-1000 rank-0082 src-sakayan-paradigm
լվանալ	to wash	frequency top-1000 rank-0083 src-sakayan-paradigm
հայկական	Armenian (adjective)	frequency top-1000 rank-0084 src-sakayan-vocab
հարցնել	to ask	frequency top-1000 rank-0085 src-sakayan-vocab
ամեն	every, each	frequency top-1000 rank-0086 src-sakayan-vocab
մնալ	to remain, stay	frequency top-1000 rank-0087 src-sakayan-vocab
անուն	name	frequency top-1000 rank-0088 src-sakayan-vocab
հիմա	now	frequency top-1000 rank-0089 src-sakayan-vocab
այսպես	this way, thus	frequency top-1000 rank-0090 src-sakayan-vocab
տաք	warm	frequency top-1000 rank-0091 src-sakayan-vocab
բար		frequency top-1000 rank-0092 src-—
բոլոր		frequency top-1000 rank-0093 src-—
ար		frequency top-1000 rank-0094 src-—
որտեղ	where?	frequency top-1000 rank-0095 src-sakayan-vocab
տաս		frequency top-1000 rank-0096 src-—
դու		frequency top-1000 rank-0097 src-—
ահա		frequency top-1000 rank-0098 src-—
գնանք		frequency top-1000 rank-0099 src-—
ավել		frequency top-1000 rank-0100 src-—
հայաստան		frequency top-1000 rank-0101 src-—
լեզու	language	frequency top-1000 rank-0102 src-sakayan-vocab
տիկ		frequency top-1000 rank-0103 src-—
նրա	his/her/its	frequency top-1000 rank-0104 src-sakayan-vocab
առաջ		frequency top-1000 rank-0105 src-—
վրա		frequency top-1000 rank-0106 src-—
ձմեռ	winter	frequency top-1000 rank-0107 src-sakayan-vocab
գարուն	spring	frequency top-1000 rank-0108 src-sakayan-vocab
շուտ	come soon!	frequency top-1000 rank-0109 src-sakayan-vocab
փողոց	street	frequency top-1000 rank-0110 src-sakayan-vocab
անունս		frequency top-1000 rank-0111 src-—
նկար		frequency top-1000 rank-0112 src-—
կին		frequency top-1000 rank-0113 src-—
արամ		frequency top-1000 rank-0114 src-—
մրսել		frequency top-1000 rank-0115 src-—
կարոյ		frequency top-1000 rank-0116 src-—
կես		frequency top-1000 rank-0117 src-—
հին	old	frequency top-1000 rank-0118 src-sakayan-vocab
այն	it	frequency top-1000 rank-0119 src-sakayan-vocab
այցելել	to visit	frequency top-1000 rank-0120 src-sakayan-vocab
հասկանալ	understand	frequency top-1000 rank-0121 src-sakayan-vocab
իրար	each other	frequency top-1000 rank-0122 src-sakayan-vocab
գտնել	to find	frequency top-1000 rank-0123 src-sakayan-vocab
բարձր	high	frequency top-1000 rank-0124 src-sakayan-vocab
ցուրտ	cold	frequency top-1000 rank-0125 src-sakayan-vocab
իր	in its nest	frequency top-1000 rank-0126 src-sakayan-vocab
տգեղ	ugly	frequency top-1000 rank-0127 src-sakayan-vocab
դուրս	to stick out	frequency top-1000 rank-0128 src-sakayan-vocab
երիտասար		frequency top-1000 rank-0129 src-—
հաճել		frequency top-1000 rank-0130 src-—
ուժեղ	strong	frequency top-1000 rank-0131 src-sakayan-vocab
ձյուն	snow	frequency top-1000 rank-0132 src-sakayan-vocab
գյուղ	village	frequency top-1000 rank-0133 src-sakayan-vocab
ազգանուն		frequency top-1000 rank-0134 src-—
որն		frequency top-1000 rank-0135 src-—
հասցեն		frequency top-1000 rank-0136 src-—
հեռախոս		frequency top-1000 rank-0137 src-—
տասներկու		frequency top-1000 rank-0138 src-—
գիտես		frequency top-1000 rank-0139 src-—
երեսուն		frequency top-1000 rank-0140 src-—
դժվար		frequency top-1000 rank-0141 src-—
երկար		frequency top-1000 rank-0142 src-—
դաս		frequency top-1000 rank-0143 src-—
շաբաթ		frequency top-1000 rank-0144 src-—
երկու		frequency top-1000 rank-0145 src-—
անգամ		frequency top-1000 rank-0146 src-—
քննեմ		frequency top-1000 rank-0147 src-—
դասարան		frequency top-1000 rank-0148 src-—
սեղան		frequency top-1000 rank-0149 src-—
մատիտ		frequency top-1000 rank-0150 src-—
ով		frequency top-1000 rank-0151 src-—
պետք		frequency top-1000 rank-0152 src-—
պալյան		frequency top-1000 rank-0153 src-—
ախորժակ		frequency top-1000 rank-0154 src-—
գին		frequency top-1000 rank-0155 src-—
եղբորս		frequency top-1000 rank-0156 src-—
նրանք		frequency top-1000 rank-0157 src-—
ծանոթացնեմ		frequency top-1000 rank-0158 src-—
ուրախ		frequency top-1000 rank-0159 src-—
դուք		frequency top-1000 rank-0160 src-—
վատ		frequency top-1000 rank-0161 src-—
ժամանել		frequency top-1000 rank-0162 src-—
սպիտակ		frequency top-1000 rank-0163 src-—
նշանակել		frequency top-1000 rank-0164 src-—
օրացույց		frequency top-1000 rank-0165 src-—
գրադարան		frequency top-1000 rank-0166 src-—
ցավել		frequency top-1000 rank-0167 src-—
սկսվել		frequency top-1000 rank-0168 src-—
ճաշակ		frequency top-1000 rank-0169 src-—
լողալ		frequency top-1000 rank-0170 src-—
եվրոպա		frequency top-1000 rank-0171 src-—
երկիր	country	frequency top-1000 rank-0172 src-sakayan-vocab
խոսել	to speak	frequency top-1000 rank-0173 src-sakayan-vocab
ինչպես	as, how	frequency top-1000 rank-0174 src-sakayan-vocab
այբուբեն	alphabet	frequency top-1000 rank-0175 src-sakayan-vocab
ընդունել	to adopt	frequency top-1000 rank-0176 src-sakayan-vocab
սովորել	to learn	frequency top-1000 rank-0177 src-sakayan-vocab
աշակերտուհ		frequency top-1000 rank-0178 src-—
տար		frequency top-1000 rank-0179 src-—
գույն	color	frequency top-1000 rank-0180 src-sakayan-vocab
գիտեք	do you know?	frequency top-1000 rank-0181 src-sakayan-vocab
համ		frequency top-1000 rank-0182 src-—
լսել	to listen to, to obey	frequency top-1000 rank-0183 src-sakayan-vocab
իրենց	their	frequency top-1000 rank-0184 src-sakayan-vocab
կարմիր	red	frequency top-1000 rank-0185 src-sakayan-vocab
նաև	also	frequency top-1000 rank-0186 src-sakayan-vocab
կարևոր	important	frequency top-1000 rank-0187 src-sakayan-vocab
մյուս	other	frequency top-1000 rank-0188 src-sakayan-vocab
երեխա	child	frequency top-1000 rank-0189 src-sakayan-vocab
նրանց	¿hŒ] in them	frequency top-1000 rank-0190 src-sakayan-vocab
դրա	therefore	frequency top-1000 rank-0191 src-sakayan-vocab
մար		frequency top-1000 rank-0192 src-—
աշխատասեր	industrious	frequency top-1000 rank-0193 src-sakayan-vocab
գետ		frequency top-1000 rank-0194 src-—
դիմել	to apply	frequency top-1000 rank-0195 src-sakayan-vocab
վերջապես	finally	frequency top-1000 rank-0196 src-sakayan-vocab
ուսուցիչ	teacher	frequency top-1000 rank-0197 src-sakayan-vocab
հետո	after, then	frequency top-1000 rank-0198 src-sakayan-vocab
պես	like	frequency top-1000 rank-0199 src-sakayan-vocab
փակ	close	frequency top-1000 rank-0200 src-sakayan-vocab
ազատ	free	frequency top-1000 rank-0201 src-sakayan-vocab
վաղ		frequency top-1000 rank-0202 src-—
ցանկանալ	to wish	frequency top-1000 rank-0203 src-sakayan-vocab
ընկեր	friend	frequency top-1000 rank-0204 src-sakayan-vocab
կարոտ		frequency top-1000 rank-0205 src-—
արմեն		frequency top-1000 rank-0206 src-—
սարյան		frequency top-1000 rank-0207 src-—
չորս		frequency top-1000 rank-0208 src-—
շնորհակալություն		frequency top-1000 rank-0209 src-—
ապրես		frequency top-1000 rank-0210 src-—
գիտեմ		frequency top-1000 rank-0211 src-—
իհարկե	of course / конечно, разумеется	frequency top-1000 rank-0212 src-ghamoyan-filler
անշուշտ		frequency top-1000 rank-0213 src-—
սառույց		frequency top-1000 rank-0214 src-—
տղան		frequency top-1000 rank-0215 src-—
ինքն		frequency top-1000 rank-0216 src-—
կարծել		frequency top-1000 rank-0217 src-—
մաս		frequency top-1000 rank-0218 src-—
ուրեմն	so, then, therefore / значит, итак	frequency top-1000 rank-0219 src-ghamoyan-filler
ուղիղ		frequency top-1000 rank-0220 src-—
գրվել		frequency top-1000 rank-0221 src-—
իսկապես	really, indeed / действительно, правда	frequency top-1000 rank-0222 src-ghamoyan-filler
հավաքույթ		frequency top-1000 rank-0223 src-—
եղանակ		frequency top-1000 rank-0224 src-—
կարճ	in short, briefly / короче говоря, вкратце	frequency top-1000 rank-0225 src-ghamoyan-filler
ոչինչ		frequency top-1000 rank-0226 src-—
չկա		frequency top-1000 rank-0227 src-—
երեկո		frequency top-1000 rank-0228 src-—
տեղ		frequency top-1000 rank-0229 src-—
ծրագիր		frequency top-1000 rank-0230 src-—
սրճարան		frequency top-1000 rank-0231 src-—
կինո		frequency top-1000 rank-0232 src-—
քաղաքել		frequency top-1000 rank-0233 src-—
ստեղծել	to create	frequency top-1000 rank-0234 src-sakayan-vocab
արդեն	already	frequency top-1000 rank-0235 src-sakayan-vocab
կտոր	piece	frequency top-1000 rank-0236 src-sakayan-vocab
շենք	building	frequency top-1000 rank-0237 src-sakayan-vocab
տեսակ	variety, sort	frequency top-1000 rank-0238 src-sakayan-vocab
ինչպիս		frequency top-1000 rank-0239 src-—
խորհուր		frequency top-1000 rank-0240 src-—
առաջարկել	to propose	frequency top-1000 rank-0241 src-sakayan-vocab
փորձել	to try	frequency top-1000 rank-0242 src-sakayan-vocab
բռնել	to hold	frequency top-1000 rank-0243 src-sakayan-vocab
կլին		frequency top-1000 rank-0244 src-—
սիրել	to love, to like	frequency top-1000 rank-0245 src-sakayan-vocab
տեսք	looks	frequency top-1000 rank-0246 src-sakayan-vocab
հագուստ	clothing	frequency top-1000 rank-0247 src-sakayan-vocab
իրավաց		frequency top-1000 rank-0248 src-—
շինել	to build	frequency top-1000 rank-0249 src-sakayan-vocab
ծառ	tree	frequency top-1000 rank-0250 src-sakayan-vocab
տուն	house	frequency top-1000 rank-0251 src-sakayan-vocab
վախենալ	to fear	frequency top-1000 rank-0252 src-sakayan-vocab
հեռանալ	to go away	frequency top-1000 rank-0253 src-sakayan-vocab
չվել	to fly over	frequency top-1000 rank-0254 src-sakayan-vocab
դեպ		frequency top-1000 rank-0255 src-—
երկր		frequency top-1000 rank-0256 src-—
օդ	air	frequency top-1000 rank-0257 src-sakayan-vocab
մարտ	March	frequency top-1000 rank-0258 src-sakayan-vocab
օգտակար	useful	frequency top-1000 rank-0259 src-sakayan-vocab
թռչուն	bird	frequency top-1000 rank-0260 src-sakayan-vocab
կենդան		frequency top-1000 rank-0261 src-—
լայն	wide	frequency top-1000 rank-0262 src-sakayan-vocab
հակառակ	despite	frequency top-1000 rank-0263 src-sakayan-vocab
տապալել	to subvert	frequency top-1000 rank-0264 src-sakayan-vocab
փնտրել	to search	frequency top-1000 rank-0265 src-sakayan-vocab
օգնական	assistant	frequency top-1000 rank-0266 src-sakayan-vocab
մտնել	to enter	frequency top-1000 rank-0267 src-sakayan-vocab
հատուկ	special	frequency top-1000 rank-0268 src-sakayan-vocab
միաս		frequency top-1000 rank-0269 src-—
դերասան	actor	frequency top-1000 rank-0270 src-sakayan-vocab
տնօրեն	director	frequency top-1000 rank-0271 src-sakayan-vocab
բարձրահասակ	tall	frequency top-1000 rank-0272 src-sakayan-vocab
անտառ	forest	frequency top-1000 rank-0273 src-sakayan-vocab
կամաց	s¿Œ] slowly	frequency top-1000 rank-0274 src-sakayan-vocab
մեղմ	mild	frequency top-1000 rank-0275 src-sakayan-vocab
արև	sun	frequency top-1000 rank-0276 src-sakayan-vocab
համբուրել	to kiss	frequency top-1000 rank-0277 src-sakayan-vocab
սիրուն	pretty	frequency top-1000 rank-0278 src-sakayan-vocab
վերջո		frequency top-1000 rank-0279 src-—
բացվել	to open up	frequency top-1000 rank-0280 src-sakayan-vocab
քաղաք	city	frequency top-1000 rank-0281 src-sakayan-vocab
ազգանունս		frequency top-1000 rank-0282 src-—
քսան		frequency top-1000 rank-0283 src-—
քաղաքացիություն		frequency top-1000 rank-0284 src-—
քաղաքաց		frequency top-1000 rank-0285 src-—
ռուսերեն		frequency top-1000 rank-0286 src-—
այ		frequency top-1000 rank-0287 src-—
կարդել		frequency top-1000 rank-0288 src-—
երևան		frequency top-1000 rank-0289 src-—
պարոնյան		frequency top-1000 rank-0290 src-—
հարյուր		frequency top-1000 rank-0291 src-—
հիսունութ		frequency top-1000 rank-0292 src-—
զբաղվել		frequency top-1000 rank-0293 src-—
ուսանել		frequency top-1000 rank-0294 src-—
ուսումնասիրել		frequency top-1000 rank-0295 src-—
գրականություն		frequency top-1000 rank-0296 src-—
մալյան		frequency top-1000 rank-0297 src-—
հինգ		frequency top-1000 rank-0298 src-—
կոմիտաս		frequency top-1000 rank-0299 src-—
քսանութ		frequency top-1000 rank-0300 src-—
հիսունմեկ		frequency top-1000 rank-0301 src-—
աշխատել		frequency top-1000 rank-0302 src-—
ահ		frequency top-1000 rank-0303 src-—
հայ		frequency top-1000 rank-0304 src-—
բնավ		frequency top-1000 rank-0305 src-—
քերականություն		frequency top-1000 rank-0306 src-—
տառեր		frequency top-1000 rank-0307 src-—
սկսենք		frequency top-1000 rank-0308 src-—
գրասեղան		frequency top-1000 rank-0309 src-—
աթոռ		frequency top-1000 rank-0310 src-—
գրքեր		frequency top-1000 rank-0311 src-—
տետրեր		frequency top-1000 rank-0312 src-—
գրիչ		frequency top-1000 rank-0313 src-—
ռետ		frequency top-1000 rank-0314 src-—
ուսանողներն		frequency top-1000 rank-0315 src-—
պատ		frequency top-1000 rank-0316 src-—
գրատախտակ		frequency top-1000 rank-0317 src-—
ժամացույց		frequency top-1000 rank-0318 src-—
խնդրել		frequency top-1000 rank-0319 src-—
պարոն		frequency top-1000 rank-0320 src-—
հաշվիչն		frequency top-1000 rank-0321 src-—
կտաք		frequency top-1000 rank-0322 src-—
համեցեք		frequency top-1000 rank-0323 src-—
մինաս		frequency top-1000 rank-0324 src-—
ջուր		frequency top-1000 rank-0325 src-—
սառ		frequency top-1000 rank-0326 src-—
չարժե		frequency top-1000 rank-0327 src-—
պաղպաղակ		frequency top-1000 rank-0328 src-—
հաց		frequency top-1000 rank-0329 src-—
միշտ		frequency top-1000 rank-0330 src-—
թան		frequency top-1000 rank-0331 src-—
կլցնես		frequency top-1000 rank-0332 src-—
կենաց		frequency top-1000 rank-0333 src-—
սիրունիկ		frequency top-1000 rank-0334 src-—
քրոջս		frequency top-1000 rank-0335 src-—
վեց		frequency top-1000 rank-0336 src-—
ամսական		frequency top-1000 rank-0337 src-—
համակրել		frequency top-1000 rank-0338 src-—
նշանածն		frequency top-1000 rank-0339 src-—
կողքիններ		frequency top-1000 rank-0340 src-—
ովքեր		frequency top-1000 rank-0341 src-—
քույրս		frequency top-1000 rank-0342 src-—
ծնողների		frequency top-1000 rank-0343 src-—
նշանվել		frequency top-1000 rank-0344 src-—
մոր		frequency top-1000 rank-0345 src-—
նման		frequency top-1000 rank-0346 src-—
մորս		frequency top-1000 rank-0347 src-—
ինչքան		frequency top-1000 rank-0348 src-—
կարծեմ		frequency top-1000 rank-0349 src-—
տեսա		frequency top-1000 rank-0350 src-—
այգել		frequency top-1000 rank-0351 src-—
ինչն		frequency top-1000 rank-0352 src-—
աշխատակից		frequency top-1000 rank-0353 src-—
ծանոթ		frequency top-1000 rank-0354 src-—
նմանապես		frequency top-1000 rank-0355 src-—
մյուսներ		frequency top-1000 rank-0356 src-—
բնակարանս		frequency top-1000 rank-0357 src-—
կարծիք		frequency top-1000 rank-0358 src-—
չեկավ		frequency top-1000 rank-0359 src-—
զուգվել		frequency top-1000 rank-0360 src-—
զարդարվել		frequency top-1000 rank-0361 src-—
թատրոն		frequency top-1000 rank-0362 src-—
դա		frequency top-1000 rank-0363 src-—
կոշիկներս		frequency top-1000 rank-0364 src-—
չնկատեցիր		frequency top-1000 rank-0365 src-—
միակն		frequency top-1000 rank-0366 src-—
զեղչ		frequency top-1000 rank-0367 src-—
վերջնական		frequency top-1000 rank-0368 src-—
էժան		frequency top-1000 rank-0369 src-—
հազար		frequency top-1000 rank-0370 src-—
դրամ		frequency top-1000 rank-0371 src-—
քանիսն		frequency top-1000 rank-0372 src-—
ութն		frequency top-1000 rank-0373 src-—
անց		frequency top-1000 rank-0374 src-—
պատրաստ		frequency top-1000 rank-0375 src-—
կողքիս		frequency top-1000 rank-0376 src-—
նստիր		frequency top-1000 rank-0377 src-—
օգնիր		frequency top-1000 rank-0378 src-—
գիրք		frequency top-1000 rank-0379 src-—
բաց		frequency top-1000 rank-0380 src-—
արա		frequency top-1000 rank-0381 src-—
գնացք		frequency top-1000 rank-0382 src-—
գնացքն		frequency top-1000 rank-0383 src-—
ուշանել		frequency top-1000 rank-0384 src-—
ձախ		frequency top-1000 rank-0385 src-—
համակարգիչ		frequency top-1000 rank-0386 src-—
ասացեք		frequency top-1000 rank-0387 src-—
զգել		frequency top-1000 rank-0388 src-—
գլուխս		frequency top-1000 rank-0389 src-—
ջերմություն		frequency top-1000 rank-0390 src-—
գուցե		frequency top-1000 rank-0391 src-—
հազել		frequency top-1000 rank-0392 src-—
բժշկ		frequency top-1000 rank-0393 src-—
ուշացնել		frequency top-1000 rank-0394 src-—
գնա		frequency top-1000 rank-0395 src-—
գանգատվել		frequency top-1000 rank-0396 src-—
կոկորդս		frequency top-1000 rank-0397 src-—
դողացնել		frequency top-1000 rank-0398 src-—
փոր		frequency top-1000 rank-0399 src-—
ցավ		frequency top-1000 rank-0400 src-—
սիրտս		frequency top-1000 rank-0401 src-—
խառնել		frequency top-1000 rank-0402 src-—
տեսնենք		frequency top-1000 rank-0403 src-—
ծանր		frequency top-1000 rank-0404 src-—
վիճակս		frequency top-1000 rank-0405 src-—
մտածեք		frequency top-1000 rank-0406 src-—
երև		frequency top-1000 rank-0407 src-—
օգնեցեք		frequency top-1000 rank-0408 src-—
երեխայիս		frequency top-1000 rank-0409 src-—
քթ		frequency top-1000 rank-0410 src-—
առատ		frequency top-1000 rank-0411 src-—
արյուն		frequency top-1000 rank-0412 src-—
կիմանանք		frequency top-1000 rank-0413 src-—
երան		frequency top-1000 rank-0414 src-—
գար		frequency top-1000 rank-0415 src-—
տեսեք		frequency top-1000 rank-0416 src-—
նախորդ		frequency top-1000 rank-0417 src-—
կտեսնես		frequency top-1000 rank-0418 src-—
ղեկավար		frequency top-1000 rank-0419 src-—
հուսանք		frequency top-1000 rank-0420 src-—
սխալվել		frequency top-1000 rank-0421 src-—
նշանած		frequency top-1000 rank-0422 src-—
տեսել		frequency top-1000 rank-0423 src-—
երեկ		frequency top-1000 rank-0424 src-—
եկել		frequency top-1000 rank-0425 src-—
գոնե		frequency top-1000 rank-0426 src-—
հարցնես		frequency top-1000 rank-0427 src-—
հագել		frequency top-1000 rank-0428 src-—
անճաշակ		frequency top-1000 rank-0429 src-—
խոսեցիր		frequency top-1000 rank-0430 src-—
զարմացնել		frequency top-1000 rank-0431 src-—
նա		frequency top-1000 rank-0432 src-—
ունեցել		frequency top-1000 rank-0433 src-—
շոգն		frequency top-1000 rank-0434 src-—
դրսել		frequency top-1000 rank-0435 src-—
օդն		frequency top-1000 rank-0436 src-—
մաքուր		frequency top-1000 rank-0437 src-—
խոնավ		frequency top-1000 rank-0438 src-—
գրասենյակ		frequency top-1000 rank-0439 src-—
գնամ		frequency top-1000 rank-0440 src-—
անձրևանոց		frequency top-1000 rank-0441 src-—
կարծես	as if, it seems / как будто, кажется	frequency top-1000 rank-0442 src-ghamoyan-filler
ասա		frequency top-1000 rank-0443 src-—
ուրբաթ		frequency top-1000 rank-0444 src-—
հրավիրել		frequency top-1000 rank-0445 src-—
հաճույք		frequency top-1000 rank-0446 src-—
կգայինք		frequency top-1000 rank-0447 src-—
երեկոյան		frequency top-1000 rank-0448 src-—
յոթ		frequency top-1000 rank-0449 src-—
հարմար		frequency top-1000 rank-0450 src-—
սպասել		frequency top-1000 rank-0451 src-—
կուզեիր		frequency top-1000 rank-0452 src-—
հիսուն		frequency top-1000 rank-0453 src-—
այդքան		frequency top-1000 rank-0454 src-—
պարտեզել		frequency top-1000 rank-0455 src-—
որևէ		frequency top-1000 rank-0456 src-—
օգնել		frequency top-1000 rank-0457 src-—
անպայման		frequency top-1000 rank-0458 src-—
կբերեմ		frequency top-1000 rank-0459 src-—
լսիր		frequency top-1000 rank-0460 src-—
կգաս		frequency top-1000 rank-0461 src-—
նախ		frequency top-1000 rank-0462 src-—
հաջոր		frequency top-1000 rank-0463 src-—
դասեր		frequency top-1000 rank-0464 src-—
հեռու		frequency top-1000 rank-0465 src-—
մեքենայ		frequency top-1000 rank-0466 src-—
թիավարել		frequency top-1000 rank-0467 src-—
կամենաս		frequency top-1000 rank-0468 src-—
կընկերանամ		frequency top-1000 rank-0469 src-—
երեխաներ		frequency top-1000 rank-0470 src-—
երկիրն		frequency top-1000 rank-0471 src-—
մեկնել		frequency top-1000 rank-0472 src-—
ճանապարհ		frequency top-1000 rank-0473 src-—
իմ	in my opinion / по-моему	frequency top-1000 rank-0474 src-ghamoyan-filler
խոսք		frequency top-1000 rank-0475 src-—
եսիմ	dunno, who knows / не знаю, фиг знает	frequency top-1000 rank-0476 src-ghamoyan-filler
տենց	like that / так, вот так	frequency top-1000 rank-0477 src-ghamoyan-filler
բա	well, what about / ну, а как же	frequency top-1000 rank-0478 src-ghamoyan-filler
երեք	3 and* a half	frequency top-1000 rank-0479 src-sakayan-vocab
միլիոն	million	frequency top-1000 rank-0480 src-sakayan-vocab
բնակիչ	inhabitant	frequency top-1000 rank-0481 src-sakayan-vocab
հայեր		frequency top-1000 rank-0482 src-—
անգլերեն	English (language)	frequency top-1000 rank-0483 src-sakayan-vocab
ֆրանսերեն	French (language)	frequency top-1000 rank-0484 src-sakayan-vocab
գերմաներեն	German (language)	frequency top-1000 rank-0485 src-sakayan-vocab
այլ	other	frequency top-1000 rank-0486 src-sakayan-vocab
հնդեվրոպական	Indo-European	frequency top-1000 rank-0487 src-sakayan-vocab
թվական	date, year	frequency top-1000 rank-0488 src-sakayan-vocab
տառ	letter (graphic sign)	frequency top-1000 rank-0489 src-sakayan-vocab
ամենահ		frequency top-1000 rank-0490 src-—
քրիստոնյա	Christian	frequency top-1000 rank-0491 src-sakayan-vocab
քրիստոնեություն	Christianity	frequency top-1000 rank-0492 src-sakayan-vocab
պատասխան	answer	frequency top-1000 rank-0493 src-sakayan-vocab
խումբ	group	frequency top-1000 rank-0494 src-sakayan-vocab
աշակերտ	pupil (male)	frequency top-1000 rank-0495 src-sakayan-vocab
հաշվել	to count	frequency top-1000 rank-0496 src-sakayan-vocab
ուսուցչուհ		frequency top-1000 rank-0497 src-—
կավիճ	chalk	frequency top-1000 rank-0498 src-sakayan-vocab
կիսել	to cut in half	frequency top-1000 rank-0499 src-sakayan-vocab
կիսեմ		frequency top-1000 rank-0500 src-—
պատասխանել	to answer	frequency top-1000 rank-0501 src-sakayan-vocab
փոշ		frequency top-1000 rank-0502 src-—
մնա		frequency top-1000 rank-0503 src-—
կդառնա	will become, will turn into	frequency top-1000 rank-0504 src-sakayan-vocab
ամերիկայ		frequency top-1000 rank-0505 src-—
զբոսաշրջիկ	tourist	frequency top-1000 rank-0506 src-sakayan-vocab
ուղեկցել	to accompany	frequency top-1000 rank-0507 src-sakayan-vocab
երևանց		frequency top-1000 rank-0508 src-—
ուսանողուհ		frequency top-1000 rank-0509 src-—
վայր	place	frequency top-1000 rank-0510 src-sakayan-vocab
կենտրոնական	central	frequency top-1000 rank-0511 src-sakayan-vocab
շուկա	market	frequency top-1000 rank-0512 src-sakayan-vocab
թարմ	fresh	frequency top-1000 rank-0513 src-sakayan-vocab
միրգ	fruit	frequency top-1000 rank-0514 src-sakayan-vocab
բանջարեղեն	vegetables	frequency top-1000 rank-0515 src-sakayan-vocab
մանավան		frequency top-1000 rank-0516 src-—
դեղձ	peach	frequency top-1000 rank-0517 src-sakayan-vocab
թուզ	fig	frequency top-1000 rank-0518 src-sakayan-vocab
սեխ	cantaloup	frequency top-1000 rank-0519 src-sakayan-vocab
ձմերուկ	watermelon	frequency top-1000 rank-0520 src-sakayan-vocab
հապա	what about ...	frequency top-1000 rank-0521 src-sakayan-vocab
ծիրան	apricot	frequency top-1000 rank-0522 src-sakayan-vocab
առատություն	abundance	frequency top-1000 rank-0523 src-sakayan-vocab
գեղեցկություն	Œyun] beauty	frequency top-1000 rank-0524 src-sakayan-vocab
հայրենիք	fatherland	frequency top-1000 rank-0525 src-sakayan-vocab
լատիներեն	Latin	frequency top-1000 rank-0526 src-sakayan-vocab
այսինքն	i.e., namely	frequency top-1000 rank-0527 src-sakayan-vocab
սալոր	plum	frequency top-1000 rank-0528 src-sakayan-vocab
այսքան	so (much)	frequency top-1000 rank-0529 src-sakayan-vocab
հոր	father’s	frequency top-1000 rank-0530 src-sakayan-vocab
որդ		frequency top-1000 rank-0531 src-—
համերաշխ	in harmony	frequency top-1000 rank-0532 src-sakayan-vocab
ապրել	to live	frequency top-1000 rank-0533 src-sakayan-vocab
հրամայել	to order	frequency top-1000 rank-0534 src-sakayan-vocab
ցախավել	birch-broom	frequency top-1000 rank-0535 src-sakayan-vocab
կոտրել	to break	frequency top-1000 rank-0536 src-sakayan-vocab
կարողանալ	to be able	frequency top-1000 rank-0537 src-sakayan-vocab
ժամանակ	time, period / время	frequency top-1000 rank-0538 src-frequency-gap
քանդել	to untie	frequency top-1000 rank-0539 src-sakayan-vocab
շյուղ	twig	frequency top-1000 rank-0540 src-sakayan-vocab
տվեց	gave	frequency top-1000 rank-0541 src-sakayan-vocab
հեշտություն		frequency top-1000 rank-0542 src-—
առանձ		frequency top-1000 rank-0543 src-—
ամուր	strong	frequency top-1000 rank-0544 src-sakayan-vocab
հաղթել	to vanquish	frequency top-1000 rank-0545 src-sakayan-vocab
կռվել	to fight	frequency top-1000 rank-0546 src-sakayan-vocab
խռովել	to get alienated	frequency top-1000 rank-0547 src-sakayan-vocab
հեշտ	it will be easy	frequency top-1000 rank-0548 src-sakayan-vocab
հայել		frequency top-1000 rank-0549 src-—
քույր	sister	frequency top-1000 rank-0550 src-sakayan-vocab
աղջիկ	girl	frequency top-1000 rank-0551 src-sakayan-vocab
վառ	bright	frequency top-1000 rank-0552 src-sakayan-vocab
նարնջագույն	orange	frequency top-1000 rank-0553 src-sakayan-vocab
գնար		frequency top-1000 rank-0554 src-—
կանգնել		frequency top-1000 rank-0555 src-—
զգեստ	dress	frequency top-1000 rank-0556 src-sakayan-vocab
կոշիկ	shoe	frequency top-1000 rank-0557 src-sakayan-vocab
ուզենալ	to wish	frequency top-1000 rank-0558 src-sakayan-vocab
չէր	didn’t wish	frequency top-1000 rank-0559 src-sakayan-vocab
հագնել	to wear	frequency top-1000 rank-0560 src-sakayan-vocab
դպրոց	school	frequency top-1000 rank-0561 src-sakayan-vocab
մայր	mother	frequency top-1000 rank-0562 src-sakayan-vocab
հուսահատ	desperate	frequency top-1000 rank-0563 src-sakayan-vocab
քմահաճ	capricious	frequency top-1000 rank-0564 src-sakayan-vocab
հաճախ	often	frequency top-1000 rank-0565 src-sakayan-vocab
փոխվել	to change	frequency top-1000 rank-0566 src-sakayan-vocab
կփոխվ		frequency top-1000 rank-0567 src-—
հայր	father	frequency top-1000 rank-0568 src-sakayan-vocab
մեծանալ	to grow older	frequency top-1000 rank-0569 src-sakayan-vocab
հայտն		frequency top-1000 rank-0570 src-—
նկարչուհ		frequency top-1000 rank-0571 src-—
տանտիկ		frequency top-1000 rank-0572 src-—
մեջ		frequency top-1000 rank-0573 src-—
արագիլ	stork	frequency top-1000 rank-0574 src-sakayan-vocab
կան	there are	frequency top-1000 rank-0575 src-sakayan-vocab
բույն	nest	frequency top-1000 rank-0576 src-sakayan-vocab
տներ		frequency top-1000 rank-0577 src-—
ժայռ	cliff	frequency top-1000 rank-0578 src-sakayan-vocab
ժայռեր		frequency top-1000 rank-0579 src-—
ամբողջ	entire	frequency top-1000 rank-0580 src-sakayan-vocab
ցրտ		frequency top-1000 rank-0581 src-—
հարավ	south	frequency top-1000 rank-0582 src-sakayan-vocab
գյուղաց		frequency top-1000 rank-0583 src-—
գիտ		frequency top-1000 rank-0584 src-—
տաքանալ	to warm up	frequency top-1000 rank-0585 src-sakayan-vocab
օտար	foreign	frequency top-1000 rank-0586 src-sakayan-vocab
կրկ		frequency top-1000 rank-0587 src-—
վերադառնալ	to return	frequency top-1000 rank-0588 src-sakayan-vocab
բազմանալ	to breed	frequency top-1000 rank-0589 src-sakayan-vocab
ին		frequency top-1000 rank-0590 src-—
բն		frequency top-1000 rank-0591 src-—
օձ	snake	frequency top-1000 rank-0592 src-sakayan-vocab
օձեր		frequency top-1000 rank-0593 src-—
վնասատու	harmful	frequency top-1000 rank-0594 src-sakayan-vocab
փիղ	elephant	frequency top-1000 rank-0595 src-sakayan-vocab
հայացք		frequency top-1000 rank-0596 src-—
գլուխ	head	frequency top-1000 rank-0597 src-sakayan-vocab
խոշոր	huge	frequency top-1000 rank-0598 src-sakayan-vocab
դեմք	face	frequency top-1000 rank-0599 src-sakayan-vocab
աչք	eye	frequency top-1000 rank-0600 src-sakayan-vocab
այնքան	so	frequency top-1000 rank-0601 src-sakayan-vocab
գրեթե	almost	frequency top-1000 rank-0602 src-sakayan-vocab
երևալ	to be seen	frequency top-1000 rank-0603 src-sakayan-vocab
ականջ	ear	frequency top-1000 rank-0604 src-sakayan-vocab
մեջք	back	frequency top-1000 rank-0605 src-sakayan-vocab
ոտք	foot, leg	frequency top-1000 rank-0606 src-sakayan-vocab
տձև	deformed	frequency top-1000 rank-0607 src-sakayan-vocab
մորթ	skin	frequency top-1000 rank-0608 src-sakayan-vocab
գորշ	gray	frequency top-1000 rank-0609 src-sakayan-vocab
բերան	mouth	frequency top-1000 rank-0610 src-sakayan-vocab
ժանիք	tusk	frequency top-1000 rank-0611 src-sakayan-vocab
որոնց	of which	frequency top-1000 rank-0612 src-sakayan-vocab
երկարություն	length	frequency top-1000 rank-0613 src-sakayan-vocab
մետր	meter	frequency top-1000 rank-0614 src-sakayan-vocab
անցնել	to surpass	frequency top-1000 rank-0615 src-sakayan-vocab
կնճիթ	trunk	frequency top-1000 rank-0616 src-sakayan-vocab
որպես	as	frequency top-1000 rank-0617 src-sakayan-vocab
ձեռք	hand	frequency top-1000 rank-0618 src-sakayan-vocab
ծառայել	to serve	frequency top-1000 rank-0619 src-sakayan-vocab
գործողություն	action	frequency top-1000 rank-0620 src-sakayan-vocab
կատարել	to perform	frequency top-1000 rank-0621 src-sakayan-vocab
չափ	measure, size	frequency top-1000 rank-0622 src-sakayan-vocab
չափեր		frequency top-1000 rank-0623 src-—
ուտելիք	food	frequency top-1000 rank-0624 src-sakayan-vocab
գոհանալ	to content oneself	frequency top-1000 rank-0625 src-sakayan-vocab
հեզ	humble	frequency top-1000 rank-0626 src-sakayan-vocab
բարեկամ	friend	frequency top-1000 rank-0627 src-sakayan-vocab
ընկերական	friendly	frequency top-1000 rank-0628 src-sakayan-vocab
ուժ	strength	frequency top-1000 rank-0629 src-sakayan-vocab
սակայն	however	frequency top-1000 rank-0630 src-sakayan-vocab
վտանգավոր	dangerous	frequency top-1000 rank-0631 src-sakayan-vocab
անարդար	unjust	frequency top-1000 rank-0632 src-sakayan-vocab
վարվել	to treat	frequency top-1000 rank-0633 src-sakayan-vocab
հարվածել	to hit	frequency top-1000 rank-0634 src-sakayan-vocab
կոխկռտել	to trample	frequency top-1000 rank-0635 src-sakayan-vocab
լավագույն	best	frequency top-1000 rank-0636 src-sakayan-vocab
վկայական	diploma	frequency top-1000 rank-0637 src-sakayan-vocab
գիտնական	scientist	frequency top-1000 rank-0638 src-sakayan-vocab
փորձարկել		frequency top-1000 rank-0639 src-—
հայտարարվել		frequency top-1000 rank-0640 src-—
անծանոթ	unknown	frequency top-1000 rank-0641 src-sakayan-vocab
թեկնածու	candidate	frequency top-1000 rank-0642 src-sakayan-vocab
բնութագիր	recommendation	frequency top-1000 rank-0643 src-sakayan-vocab
սպասասրահ	waiting room	frequency top-1000 rank-0644 src-sakayan-vocab
վեր	to get up	frequency top-1000 rank-0645 src-sakayan-vocab
կենալ		frequency top-1000 rank-0646 src-—
զիջել	to yield	frequency top-1000 rank-0647 src-sakayan-vocab
տարեց	aged	frequency top-1000 rank-0648 src-sakayan-vocab
հանել	take off	frequency top-1000 rank-0649 src-sakayan-vocab
փակել	to close	frequency top-1000 rank-0650 src-sakayan-vocab
աղմուկ	noise	frequency top-1000 rank-0651 src-sakayan-vocab
քաղաքավար		frequency top-1000 rank-0652 src-—
նրբանկատ	considerate	frequency top-1000 rank-0653 src-sakayan-vocab
թոշակ	stipend	frequency top-1000 rank-0654 src-sakayan-vocab
ստանալ	to receive	frequency top-1000 rank-0655 src-sakayan-vocab
մտավոր	mental	frequency top-1000 rank-0656 src-sakayan-vocab
կարողություն	capacity	frequency top-1000 rank-0657 src-sakayan-vocab
ընդունակ	capable	frequency top-1000 rank-0658 src-sakayan-vocab
արագ	fast, quick	frequency top-1000 rank-0659 src-sakayan-vocab
ճշգրիտ	exact	frequency top-1000 rank-0660 src-sakayan-vocab
գոհացնել	to satisfy	frequency top-1000 rank-0661 src-sakayan-vocab
փորձ	attempt, try	frequency top-1000 rank-0662 src-sakayan-vocab
հնարավորություն	chance	frequency top-1000 rank-0663 src-sakayan-vocab
դրսևորվել	to reveal himself	frequency top-1000 rank-0664 src-sakayan-vocab
հատկություն	quality	frequency top-1000 rank-0665 src-sakayan-vocab
վերցրել		frequency top-1000 rank-0666 src-—
միթե	Don’t you think?/Isn’t it?	frequency top-1000 rank-0667 src-sakayan-vocab
փայլուն	brilliant	frequency top-1000 rank-0668 src-sakayan-vocab
արժենալ	to be worth	frequency top-1000 rank-0669 src-sakayan-vocab
հաշվապահ	accountant	frequency top-1000 rank-0670 src-sakayan-vocab
գյուղատնտես	agronomist	frequency top-1000 rank-0671 src-sakayan-vocab
ճարտարապետ	architect	frequency top-1000 rank-0672 src-sakayan-vocab
արվեստագետ	artist	frequency top-1000 rank-0673 src-sakayan-vocab
նկարիչ	artist-painter	frequency top-1000 rank-0674 src-sakayan-vocab
հացագործ	baker	frequency top-1000 rank-0675 src-sakayan-vocab
վարսավիր	barber	frequency top-1000 rank-0676 src-sakayan-vocab
դարբ		frequency top-1000 rank-0677 src-—
որմնադիր	bricklayer	frequency top-1000 rank-0678 src-sakayan-vocab
հյուսն		frequency top-1000 rank-0679 src-—
մսավաճառ	butcher	frequency top-1000 rank-0680 src-sakayan-vocab
ատաղձագործ	carpenter	frequency top-1000 rank-0681 src-sakayan-vocab
գանձապահ	cashier	frequency top-1000 rank-0682 src-sakayan-vocab
շինարար	constructor, builder	frequency top-1000 rank-0683 src-sakayan-vocab
խոհարար	cook	frequency top-1000 rank-0684 src-sakayan-vocab
ատամնաբույժ	dentist	frequency top-1000 rank-0685 src-sakayan-vocab
դիվանագետ	diplomat	frequency top-1000 rank-0686 src-sakayan-vocab
դերձակ	dressmaker	frequency top-1000 rank-0687 src-sakayan-vocab
տնտեսագետ	economist	frequency top-1000 rank-0688 src-sakayan-vocab
ինժե		frequency top-1000 rank-0689 src-—
ճարտարագետ		frequency top-1000 rank-0690 src-—
ձեռնարկատեր	entrepreneur	frequency top-1000 rank-0691 src-sakayan-vocab
երկրաբան	geologist	frequency top-1000 rank-0692 src-sakayan-vocab
ոսկերիչ	goldsmith, jeweler	frequency top-1000 rank-0693 src-sakayan-vocab
վարսահարդար	hairdresser	frequency top-1000 rank-0694 src-sakayan-vocab
քննիչ	inspector	frequency top-1000 rank-0695 src-sakayan-vocab
լրագրել		frequency top-1000 rank-0696 src-—
դատավոր	judge	frequency top-1000 rank-0697 src-sakayan-vocab
իրավաբան	lawyer	frequency top-1000 rank-0698 src-sakayan-vocab
լեզվաբան	linguist	frequency top-1000 rank-0699 src-sakayan-vocab
վաճառական	merchant	frequency top-1000 rank-0700 src-sakayan-vocab
բուժքույր	nurse (female)	frequency top-1000 rank-0701 src-sakayan-vocab
բուժակ	nurse (male)	frequency top-1000 rank-0702 src-sakayan-vocab
ներկարար	painter	frequency top-1000 rank-0703 src-sakayan-vocab
դեղագործ	pharmacist	frequency top-1000 rank-0704 src-sakayan-vocab
բանասեր	philologist	frequency top-1000 rank-0705 src-sakayan-vocab
լուսանկարիչ	photographer	frequency top-1000 rank-0706 src-sakayan-vocab
դաշնակահար	pianist	frequency top-1000 rank-0707 src-sakayan-vocab
օդաչու	pilot	frequency top-1000 rank-0708 src-sakayan-vocab
բանաստեղծ	poet	frequency top-1000 rank-0709 src-sakayan-vocab
ոստիկան	policeman	frequency top-1000 rank-0710 src-sakayan-vocab
վարչապետ	premier	frequency top-1000 rank-0711 src-sakayan-vocab
քահանա	priest	frequency top-1000 rank-0712 src-sakayan-vocab
դասախոս	professor, lecturer	frequency top-1000 rank-0713 src-sakayan-vocab
ծրագրավորել		frequency top-1000 rank-0714 src-—
հրատարակիչ	publisher	frequency top-1000 rank-0715 src-sakayan-vocab
թղթակ		frequency top-1000 rank-0716 src-—
քարտուղար	secretary (male)	frequency top-1000 rank-0717 src-sakayan-vocab
կոշկակար	shoemaker	frequency top-1000 rank-0718 src-sakayan-vocab
վարոր		frequency top-1000 rank-0719 src-—
մասնագետ	specialist	frequency top-1000 rank-0720 src-sakayan-vocab
վիրաբույժ	surgeon	frequency top-1000 rank-0721 src-sakayan-vocab
առևտրական	trader	frequency top-1000 rank-0722 src-sakayan-vocab
անասնաբույժ	veterinarian	frequency top-1000 rank-0723 src-sakayan-vocab
ժամագործ	watchmaker	frequency top-1000 rank-0724 src-sakayan-vocab
բանվոր	worker	frequency top-1000 rank-0725 src-sakayan-vocab
ծեր	old	frequency top-1000 rank-0726 src-sakayan-vocab
ազնիվ	honest	frequency top-1000 rank-0727 src-sakayan-vocab
անազնիվ	dishonest	frequency top-1000 rank-0728 src-sakayan-vocab
զգույշ	careful, cautious	frequency top-1000 rank-0729 src-sakayan-vocab
անզգույշ	careless	frequency top-1000 rank-0730 src-sakayan-vocab
ծույլ	lazy	frequency top-1000 rank-0731 src-sakayan-vocab
առատաձեռն	generous	frequency top-1000 rank-0732 src-sakayan-vocab
ժլատ	stingy	frequency top-1000 rank-0733 src-sakayan-vocab
գեր	fat	frequency top-1000 rank-0734 src-sakayan-vocab
նիհար	slim	frequency top-1000 rank-0735 src-sakayan-vocab
թափթփվել		frequency top-1000 rank-0736 src-—
կոկիկ	neat	frequency top-1000 rank-0737 src-sakayan-vocab
թուխ	dark (about people)	frequency top-1000 rank-0738 src-sakayan-vocab
խարտյաշ	blonde, fair	frequency top-1000 rank-0739 src-sakayan-vocab
կարճահասակ	short	frequency top-1000 rank-0740 src-sakayan-vocab
տհաճ	unpleasant	frequency top-1000 rank-0741 src-sakayan-vocab
հետաքրքրական	interesting	frequency top-1000 rank-0742 src-sakayan-vocab
ձանձրալ		frequency top-1000 rank-0743 src-—
հետաքրքրասեր	curious	frequency top-1000 rank-0744 src-sakayan-vocab
անտարբեր	indifferent	frequency top-1000 rank-0745 src-sakayan-vocab
թույլ	weak	frequency top-1000 rank-0746 src-sakayan-vocab
քաջ	brave	frequency top-1000 rank-0747 src-sakayan-vocab
անվախ	fearless	frequency top-1000 rank-0748 src-sakayan-vocab
վախկոտ	coward	frequency top-1000 rank-0749 src-sakayan-vocab
լուրջ	serious	frequency top-1000 rank-0750 src-sakayan-vocab
թեթևամիտ	frivolous	frequency top-1000 rank-0751 src-sakayan-vocab
ճշմարիտ	true, genuine	frequency top-1000 rank-0752 src-sakayan-vocab
պատմություն	story	frequency top-1000 rank-0753 src-sakayan-vocab
տերևախիտ	full of leaves	frequency top-1000 rank-0754 src-sakayan-vocab
տերև	leaf	frequency top-1000 rank-0755 src-sakayan-vocab
սկսել	to start	frequency top-1000 rank-0756 src-sakayan-vocab
դեղնել	to turn yellow	frequency top-1000 rank-0757 src-sakayan-vocab
ոսկեգույն	gold-colored	frequency top-1000 rank-0758 src-sakayan-vocab
աշուն	autumn	frequency top-1000 rank-0759 src-sakayan-vocab
թափել	to pour	frequency top-1000 rank-0760 src-sakayan-vocab
փաթիլ	flake	frequency top-1000 rank-0761 src-sakayan-vocab
ծածկել	to cover	frequency top-1000 rank-0762 src-sakayan-vocab
մերկացել		frequency top-1000 rank-0763 src-—
ճյուղ	branch	frequency top-1000 rank-0764 src-sakayan-vocab
փափուկ	soft	frequency top-1000 rank-0765 src-sakayan-vocab
վերմակ	blanket	frequency top-1000 rank-0766 src-sakayan-vocab
անհետանալ	to disappear	frequency top-1000 rank-0767 src-sakayan-vocab
հով	wind	frequency top-1000 rank-0768 src-sakayan-vocab
իկ	wind	frequency top-1000 rank-0769 src-sakayan-vocab
շոյել	to caress	frequency top-1000 rank-0770 src-sakayan-vocab
քնել		frequency top-1000 rank-0771 src-—
ծագել	to rise	frequency top-1000 rank-0772 src-sakayan-vocab
ծածկվել	to get covered	frequency top-1000 rank-0773 src-sakayan-vocab
բողբոջ	bud	frequency top-1000 rank-0774 src-sakayan-vocab
ծաղիկ	flower	frequency top-1000 rank-0775 src-sakayan-vocab
հագցնել	to dress	frequency top-1000 rank-0776 src-sakayan-vocab
կախվել	to hang	frequency top-1000 rank-0777 src-sakayan-vocab
պտուղ	fruit	frequency top-1000 rank-0778 src-sakayan-vocab
փայլել	to shine	frequency top-1000 rank-0779 src-sakayan-vocab
պոկել	to pick	frequency top-1000 rank-0780 src-sakayan-vocab
ոսկ		frequency top-1000 rank-0781 src-—
վերջանալ	to end	frequency top-1000 rank-0782 src-sakayan-vocab
կրկնվել	to repeat itself	frequency top-1000 rank-0783 src-sakayan-vocab
կարոտել	to miss	frequency top-1000 rank-0784 src-sakayan-vocab
ուկ	warm	frequency top-1000 rank-0785 src-sakayan-vocab
պայծառ	bright	frequency top-1000 rank-0786 src-sakayan-vocab
երգել		frequency top-1000 rank-0787 src-—
դաշտ	field	frequency top-1000 rank-0788 src-sakayan-vocab
բացել	to open	frequency top-1000 rank-0789 src-sakayan-vocab
թել		frequency top-1000 rank-0790 src-—
ծաղկել	to bloom	frequency top-1000 rank-0791 src-sakayan-vocab
վար		frequency top-1000 rank-0792 src-—
մեխակ	carnation	frequency top-1000 rank-0793 src-sakayan-vocab
շուշան	lily	frequency top-1000 rank-0794 src-sakayan-vocab
ազատվել	to break away	frequency top-1000 rank-0795 src-sakayan-vocab
ցատկոտել	to jump around	frequency top-1000 rank-0796 src-sakayan-vocab
քեռ		frequency top-1000 rank-0797 src-—
փոքրիկ	small	frequency top-1000 rank-0798 src-sakayan-vocab
թութակ	parrot	frequency top-1000 rank-0799 src-sakayan-vocab
ծերուն		frequency top-1000 rank-0800 src-—
վանդակ	cage	frequency top-1000 rank-0801 src-sakayan-vocab
պահել	to keep	frequency top-1000 rank-0802 src-sakayan-vocab
թռչկոտել	to fly around	frequency top-1000 rank-0803 src-sakayan-vocab
փախչել	to escape, to flee	frequency top-1000 rank-0804 src-sakayan-vocab
կանչել	to call	frequency top-1000 rank-0805 src-sakayan-vocab
հարևան	neighbor	frequency top-1000 rank-0806 src-sakayan-vocab
գրպան	pocket	frequency top-1000 rank-0807 src-sakayan-vocab
ներս	to come in	frequency top-1000 rank-0808 src-sakayan-vocab
շնորհավորել	congratulate	frequency top-1000 rank-0809 src-sakayan-vocab
առողջություն	health	frequency top-1000 rank-0810 src-sakayan-vocab
երջանկություն	happiness	frequency top-1000 rank-0811 src-sakayan-vocab
նամակ	letter	frequency top-1000 rank-0812 src-sakayan-vocab
ուրախացնել	to make happy	frequency top-1000 rank-0813 src-sakayan-vocab
քայլել	to walk	frequency top-1000 rank-0814 src-sakayan-vocab
դիտել	to watch	frequency top-1000 rank-0815 src-sakayan-vocab
տարբեր	various	frequency top-1000 rank-0816 src-sakayan-vocab
մեքենա	automobile	frequency top-1000 rank-0817 src-sakayan-vocab
հեծանիվ	bicycle	frequency top-1000 rank-0818 src-sakayan-vocab
զբոսայգ		frequency top-1000 rank-0819 src-—
մրցել	to compete	frequency top-1000 rank-0820 src-sakayan-vocab
բնություն	nature	frequency top-1000 rank-0821 src-sakayan-vocab
արձակուր		frequency top-1000 rank-0822 src-—
անհամբեր	impatiently	frequency top-1000 rank-0823 src-sakayan-vocab
տոնել	to celebrate	frequency top-1000 rank-0824 src-sakayan-vocab
ծննդյան	birthday	frequency top-1000 rank-0825 src-sakayan-vocab
թոռնիկ	grandson	frequency top-1000 rank-0826 src-sakayan-vocab
ցտեսություն		frequency top-1000 rank-0827 src-—
կգնանք		frequency top-1000 rank-0828 src-—
կզանգահարենք		frequency top-1000 rank-0829 src-—
դասագիրք		frequency top-1000 rank-0830 src-—
դրան		frequency top-1000 rank-0831 src-—
խաղ		frequency top-1000 rank-0832 src-—
պար		frequency top-1000 rank-0833 src-—
վերադարձրու		frequency top-1000 rank-0834 src-—
օհ		frequency top-1000 rank-0835 src-—
ծարավ		frequency top-1000 rank-0836 src-—
բաժակ		frequency top-1000 rank-0837 src-—
կբերես		frequency top-1000 rank-0838 src-—
կռահել		frequency top-1000 rank-0839 src-—
սառն		frequency top-1000 rank-0840 src-—
քաղցր		frequency top-1000 rank-0841 src-—
կարկանդակ		frequency top-1000 rank-0842 src-—
աղ		frequency top-1000 rank-0843 src-—
կփոխանցես		frequency top-1000 rank-0844 src-—
լավաշ		frequency top-1000 rank-0845 src-—
ճաշ		frequency top-1000 rank-0846 src-—
ճաշեր		frequency top-1000 rank-0847 src-—
մայրիկն		frequency top-1000 rank-0848 src-—
պատրաստել		frequency top-1000 rank-0849 src-—
խմել		frequency top-1000 rank-0850 src-—
կամ		frequency top-1000 rank-0851 src-—
խմիչք		frequency top-1000 rank-0852 src-—
կոտայք		frequency top-1000 rank-0853 src-—
գարեջուր		frequency top-1000 rank-0854 src-—
տատիկս		frequency top-1000 rank-0855 src-—
պապիկս		frequency top-1000 rank-0856 src-—
ծնողներ		frequency top-1000 rank-0857 src-—
տատս		frequency top-1000 rank-0858 src-—
իննսուն		frequency top-1000 rank-0859 src-—
ծանոթանանք		frequency top-1000 rank-0860 src-—
ծանոթանալ		frequency top-1000 rank-0861 src-—
ազարյան		frequency top-1000 rank-0862 src-—
կինս		frequency top-1000 rank-0863 src-—
կարինեն		frequency top-1000 rank-0864 src-—
տանտեր		frequency top-1000 rank-0865 src-—
եղբայրն		frequency top-1000 rank-0866 src-—
ընկերն		frequency top-1000 rank-0867 src-—
մայրիկ		frequency top-1000 rank-0868 src-—
արամն		frequency top-1000 rank-0869 src-—
դասընկերս		frequency top-1000 rank-0870 src-—
ծանոթացիր		frequency top-1000 rank-0871 src-—
մայրս		frequency top-1000 rank-0872 src-—
անձամբ		frequency top-1000 rank-0873 src-—
ծանոթանել		frequency top-1000 rank-0874 src-—
տեղափոխվել		frequency top-1000 rank-0875 src-—
տեսարան		frequency top-1000 rank-0876 src-—
կահույք		frequency top-1000 rank-0877 src-—
վերջերս		frequency top-1000 rank-0878 src-—
գնեց		frequency top-1000 rank-0879 src-—
գորգս		frequency top-1000 rank-0880 src-—
տես		frequency top-1000 rank-0881 src-—
յուղանկար		frequency top-1000 rank-0882 src-—
դժվարանել		frequency top-1000 rank-0883 src-—
ժամանակակ		frequency top-1000 rank-0884 src-—
արվեստ		frequency top-1000 rank-0885 src-—
հագուստս		frequency top-1000 rank-0886 src-—
գլխարկս		frequency top-1000 rank-0887 src-—
մաշես		frequency top-1000 rank-0888 src-—
նկատեց		frequency top-1000 rank-0889 src-—
միայն		frequency top-1000 rank-0890 src-—
կրունկներ		frequency top-1000 rank-0891 src-—
ցույց		frequency top-1000 rank-0892 src-—
ցուցափեղկ		frequency top-1000 rank-0893 src-—
կապույտ		frequency top-1000 rank-0894 src-—
չափս		frequency top-1000 rank-0895 src-—
մինչև		frequency top-1000 rank-0896 src-—
պատրաստվենք		frequency top-1000 rank-0897 src-—
օրվա		frequency top-1000 rank-0898 src-—
թերթերն		frequency top-1000 rank-0899 src-—
ամսագրեր		frequency top-1000 rank-0900 src-—
գնացեք		frequency top-1000 rank-0901 src-—
կողմել		frequency top-1000 rank-0902 src-—
թերթ		frequency top-1000 rank-0903 src-—
կրպակ		frequency top-1000 rank-0904 src-—
բառ		frequency top-1000 rank-0905 src-—
կրկնել		frequency top-1000 rank-0906 src-—
թեքվեք		frequency top-1000 rank-0907 src-—
դիմաց		frequency top-1000 rank-0908 src-—
դուռն		frequency top-1000 rank-0909 src-—
պատահել		frequency top-1000 rank-0910 src-—
գունատ		frequency top-1000 rank-0911 src-—
հիվան		frequency top-1000 rank-0912 src-—
կտրվել		frequency top-1000 rank-0913 src-—
պատճառ		frequency top-1000 rank-0914 src-—
տեսար		frequency top-1000 rank-0915 src-—
սրան		frequency top-1000 rank-0916 src-—
ելույթ		frequency top-1000 rank-0917 src-—
վերջ		frequency top-1000 rank-0918 src-—
ժողով		frequency top-1000 rank-0919 src-—
տպավորիչ		frequency top-1000 rank-0920 src-—
չխոսեց		frequency top-1000 rank-0921 src-—
մեծամիտ		frequency top-1000 rank-0922 src-—
թվել		frequency top-1000 rank-0923 src-—
արտաքին		frequency top-1000 rank-0924 src-—
կասես		frequency top-1000 rank-0925 src-—
ներկայանալ		frequency top-1000 rank-0926 src-—
եկավ		frequency top-1000 rank-0927 src-—
տարիք		frequency top-1000 rank-0928 src-—
չկարողացա		frequency top-1000 rank-0929 src-—
ծառեր		frequency top-1000 rank-0930 src-—
կանաչել		frequency top-1000 rank-0931 src-—
ծաղիկներ		frequency top-1000 rank-0932 src-—
տարվա		frequency top-1000 rank-0933 src-—
մնացինք		frequency top-1000 rank-0934 src-—
պատուհան		frequency top-1000 rank-0935 src-—
չբացենք		frequency top-1000 rank-0936 src-—
անձրև		frequency top-1000 rank-0937 src-—
նայիր		frequency top-1000 rank-0938 src-—
ամպեր		frequency top-1000 rank-0939 src-—
որոտել		frequency top-1000 rank-0940 src-—
հագիր		frequency top-1000 rank-0941 src-—
զով		frequency top-1000 rank-0942 src-—
տասն		frequency top-1000 rank-0943 src-—
աստիճան		frequency top-1000 rank-0944 src-—
զրոյ		frequency top-1000 rank-0945 src-—
ցածր		frequency top-1000 rank-0946 src-—
եվ		frequency top-1000 rank-0947 src-—
քամ		frequency top-1000 rank-0948 src-—
գանգատվիր		frequency top-1000 rank-0949 src-—
նույնն		frequency top-1000 rank-0950 src-—
ամռան		frequency top-1000 rank-0951 src-—
ձմռան		frequency top-1000 rank-0952 src-—
կուզե		frequency top-1000 rank-0953 src-—
ամուսնուն		frequency top-1000 rank-0954 src-—
ընթրիք		frequency top-1000 rank-0955 src-—
մենք		frequency top-1000 rank-0956 src-—
մենակ		frequency top-1000 rank-0957 src-—
հյուր		frequency top-1000 rank-0958 src-—
ֆրանսիայ		frequency top-1000 rank-0959 src-—
քրոջն		frequency top-1000 rank-0960 src-—
բերեք		frequency top-1000 rank-0961 src-—
մինչ		frequency top-1000 rank-0962 src-—
գոհար		frequency top-1000 rank-0963 src-—
կիրակ		frequency top-1000 rank-0964 src-—
առիթ		frequency top-1000 rank-0965 src-—
հորս		frequency top-1000 rank-0966 src-—
ամուսնություն		frequency top-1000 rank-0967 src-—
րդ		frequency top-1000 rank-0968 src-—
տարեդարձն		frequency top-1000 rank-0969 src-—
անակնկալ		frequency top-1000 rank-0970 src-—
հոգու		frequency top-1000 rank-0971 src-—
երաժշտություն		frequency top-1000 rank-0972 src-—
բեր		frequency top-1000 rank-0973 src-—
ամենայն		frequency top-1000 rank-0974 src-—
բերեմ		frequency top-1000 rank-0975 src-—
նախընտրել		frequency top-1000 rank-0976 src-—
գաղափար		frequency top-1000 rank-0977 src-—
գնացինք		frequency top-1000 rank-0978 src-—
լճափ		frequency top-1000 rank-0979 src-—
կողմ		frequency top-1000 rank-0980 src-—
լեռ		frequency top-1000 rank-0981 src-—
գերմանիա		frequency top-1000 rank-0982 src-—
ամուսինս		frequency top-1000 rank-0983 src-—
հունաստան		frequency top-1000 rank-0984 src-—
երրոր		frequency top-1000 rank-0985 src-—
անգամն		frequency top-1000 rank-0986 src-—
որոշել		frequency top-1000 rank-0987 src-—
հյուրեր		frequency top-1000 rank-0988 src-—
ռուսաստան		frequency top-1000 rank-0989 src-—
քո		frequency top-1000 rank-0990 src-—
այսպիս		frequency top-1000 rank-0991 src-—
միջ		frequency top-1000 rank-0992 src-—
այլոց		frequency top-1000 rank-0993 src-—
համենայն	in any case / в любом случае, во всяком случае	frequency top-1000 rank-0994 src-ghamoyan-filler
դեպս		frequency top-1000 rank-0995 src-—
ըստ	essentially, in essence / по сути, по существу	frequency top-1000 rank-0996 src-ghamoyan-filler
էություն		frequency top-1000 rank-0997 src-—
իրականել		frequency top-1000 rank-0998 src-—
ուղղակ		frequency top-1000 rank-0999 src-—
պարզապես	simply, just / просто	frequency top-1000 rank-1000 src-ghamoyan-filler
