1	宅斋斩榨宅	474	ghamoyan_fillers,sakayan_chunks,sakayan_dialogue,sakayan_paradigms,sakayan_vocab
2	寨铡謤栅铡宅	94	sakayan_chunks,sakayan_dialogue,sakayan_paradigms
3	眨謤榨宅	73	sakayan_chunks,sakayan_dialogue,sakayan_paradigms,sakayan_vocab
4	斋斩展	69	sakayan_chunks,sakayan_dialogue,sakayan_vocab
5	崭謧斩榨斩铡宅	63	sakayan_chunks,sakayan_dialogue,sakayan_paradigms,sakayan_vocab
6	斋战寨	30	sakayan_chunks,sakayan_dialogue,sakayan_vocab
7	铡盏崭	28	sakayan_chunks,sakayan_dialogue
8	辗铡湛	26	sakayan_chunks,sakayan_dialogue,sakayan_vocab
9	眨铡宅	25	sakayan_chunks,sakayan_dialogue,sakayan_paradigms,sakayan_vocab
10	沾斋	25	sakayan_chunks,sakayan_dialogue
11	闸铡盏謥	24	sakayan_chunks,sakayan_dialogue,sakayan_vocab
12	崭展	23	sakayan_chunks,sakayan_dialogue,sakayan_vocab
13	毡榨謤	23	sakayan_chunks,sakayan_dialogue,sakayan_paradigms
14	眨斋湛榨斩铡宅	22	sakayan_chunks,sakayan_dialogue,sakayan_paradigms,sakayan_vocab
15	乍宅	20	sakayan_chunks,sakayan_dialogue,sakayan_vocab
16	崭謤	19	sakayan_chunks,sakayan_dialogue,sakayan_vocab
17	战榨謤	18	sakayan_chunks,sakayan_dialogue,sakayan_vocab
18	崭謧	17	sakayan_chunks,sakayan_dialogue,sakayan_vocab
19	铡战榨宅	16	ghamoyan_fillers,sakayan_chunks,sakayan_dialogue,sakayan_paradigms,sakayan_vocab
20	斋斩毡	16	sakayan_chunks,sakayan_dialogue,sakayan_vocab
21	斩战湛榨宅	16	sakayan_chunks,sakayan_dialogue,sakayan_paradigms
22	瞻铡盏榨謤榨斩	15	sakayan_chunks,sakayan_dialogue,sakayan_vocab
23	铡斩榨宅	15	sakayan_chunks,sakayan_dialogue,sakayan_paradigms,sakayan_vocab
24	湛榨战斩榨宅	15	sakayan_chunks,sakayan_dialogue,sakayan_paradigms,sakayan_vocab
25	展乍	15	sakayan_chunks,sakayan_dialogue,sakayan_vocab
26	战铡	15	sakayan_chunks,sakayan_dialogue
27	崭謧咋榨宅	14	sakayan_chunks,sakayan_dialogue,sakayan_vocab
28	寨铡謤崭詹	14	sakayan_chunks,sakayan_dialogue
29	铡盏战湛榨詹	13	sakayan_chunks,sakayan_dialogue,sakayan_vocab
30	铡盏战	12	sakayan_chunks,sakayan_dialogue,sakayan_vocab
31	斩崭謤	12	sakayan_chunks,sakayan_dialogue,sakayan_vocab
32	铡盏战謪謤	11	sakayan_chunks,sakayan_dialogue,sakayan_vocab
33	湛铡斩榨宅	11	sakayan_chunks,sakayan_dialogue,sakayan_paradigms,sakayan_vocab
34	眨斋湛榨宅	11	sakayan_chunks,sakayan_dialogue,sakayan_vocab
35	铡斩崭謧斩	11	sakayan_chunks,sakayan_dialogue,sakayan_vocab
36	闸榨謤榨宅	11	sakayan_dialogue,sakayan_paradigms,sakayan_vocab
37	瞻铡沾铡謤	11	sakayan_chunks,sakayan_dialogue,sakayan_vocab
38	闸铡謤謬	11	sakayan_chunks,sakayan_dialogue
39	窄斩栅謤榨沾	11	sakayan_chunks,sakayan_dialogue
40	謩铡斩斋	10	sakayan_chunks,sakayan_dialogue,sakayan_vocab
41	栅铡占斩铡宅	10	sakayan_paradigms,sakayan_vocab
42	榨謤闸	10	sakayan_chunks,sakayan_dialogue,sakayan_vocab
43	眨斩铡宅	10	sakayan_chunks,sakayan_dialogue,sakayan_vocab
44	毡榨咋	10	sakayan_chunks,sakayan_dialogue
45	摘铡沾	10	sakayan_chunks,sakayan_dialogue
46	宅铡站	9	sakayan_chunks,sakayan_dialogue,sakayan_vocab
47	斋斩展崭謧	9	sakayan_chunks,sakayan_dialogue,sakayan_vocab
48	诈榨	9	sakayan_chunks,sakayan_dialogue,sakayan_vocab
49	湛铡宅	9	sakayan_dialogue,sakayan_paradigms,sakayan_vocab
50	闸摘斋辗寨	9	sakayan_chunks,sakayan_dialogue,sakayan_vocab
51	湛铡謤榨寨铡斩	9	sakayan_chunks,sakayan_dialogue
52	謩榨咋	9	sakayan_chunks,sakayan_dialogue
53	寨铡	9	sakayan_chunks,sakayan_dialogue
54	榨诈榨	8	sakayan_chunks,sakayan_dialogue,sakayan_vocab
55	铡沾铡占	8	sakayan_chunks,sakayan_dialogue,sakayan_vocab
56	瞻斋铡斩铡宅斋	8	sakayan_chunks,sakayan_dialogue,sakayan_vocab
57	眨榨詹榨謥斋寨	8	sakayan_chunks,sakayan_dialogue,sakayan_vocab
58	栅榨占	8	sakayan_chunks,sakayan_dialogue,sakayan_vocab
59	崭謧謤	8	sakayan_chunks,sakayan_dialogue,sakayan_vocab
60	铡占斩榨宅	8	sakayan_paradigms,sakayan_vocab
61	炸斩寨斩榨宅	8	sakayan_paradigms,sakayan_vocab
62	栅斩榨宅	8	sakayan_paradigms,sakayan_vocab
63	铡盏斩湛榨詹	8	sakayan_chunks,sakayan_dialogue
64	謤崭蘸榨	8	sakayan_chunks,sakayan_dialogue
65	謨崭謩謤	7	sakayan_chunks,sakayan_dialogue,sakayan_vocab
66	斩謤铡斩	7	sakayan_chunks,sakayan_dialogue,sakayan_vocab
67	謪謤	7	sakayan_chunks,sakayan_dialogue,sakayan_vocab
68	瞻榨湛	7	sakayan_chunks,sakayan_dialogue,sakayan_vocab
69	沾榨债	7	sakayan_chunks,sakayan_dialogue,sakayan_vocab
70	崭謧謤斋辗	7	sakayan_chunks,sakayan_dialogue
71	闸铡斩	7	sakayan_chunks,sakayan_dialogue
72	沾榨謤	7	sakayan_chunks,sakayan_dialogue,sakayan_paradigms
73	瞻铡站铡斩榨宅	7	sakayan_chunks,sakayan_dialogue
74	瞻崭眨斩榨宅	7	sakayan_dialogue,sakayan_paradigms
75	崭謧湛榨宅	7	sakayan_paradigms
76	闸铡斩铡宅	7	sakayan_paradigms
77	榨宅斩榨宅	7	sakayan_paradigms
78	咋铡謤寨榨宅	7	sakayan_paradigms
79	诈崭詹斩榨宅	7	sakayan_paradigms
80	宅铡宅	7	sakayan_paradigms
81	宅站铡斩铡宅	7	sakayan_paradigms
82	瞻铡盏寨铡寨铡斩	6	sakayan_chunks,sakayan_dialogue,sakayan_vocab
83	沾斋_謩斋展	6	sakayan_chunks,sakayan_dialogue,sakayan_vocab
84	瞻铡謤謥斩榨宅	6	sakayan_chunks,sakayan_dialogue,sakayan_vocab
85	沾斩铡宅	6	sakayan_chunks,sakayan_dialogue,sakayan_vocab
86	瞻斋沾铡	6	sakayan_chunks,sakayan_dialogue,sakayan_vocab
87	沾榨寨	6	sakayan_chunks,sakayan_dialogue,sakayan_vocab
88	謩崭謧盏謤	6	sakayan_chunks,sakayan_dialogue,sakayan_vocab
89	沾铡盏謤	6	sakayan_chunks,sakayan_dialogue,sakayan_vocab
90	湛铡謩	6	sakayan_chunks,sakayan_dialogue,sakayan_vocab
91	铡謤斋	6	sakayan_chunks,sakayan_dialogue,sakayan_vocab
92	崭謤湛榨詹	6	sakayan_chunks,sakayan_dialogue,sakayan_vocab
93	铡咋眨铡斩崭謧斩	6	sakayan_chunks,sakayan_dialogue
94	辗斩崭謤瞻铡寨铡宅	6	sakayan_chunks,sakayan_dialogue
95	栅崭謧	6	sakayan_chunks,sakayan_dialogue
96	铡瞻铡	6	sakayan_chunks,sakayan_dialogue
97	寨斋斩	6	sakayan_chunks,sakayan_dialogue
98	铡謤铡沾	6	sakayan_chunks,sakayan_dialogue
99	眨斩铡斩謩	6	sakayan_chunks,sakayan_dialogue
100	栅崭謧謤	6	sakayan_chunks,sakayan_dialogue
101	铡站榨宅斋	6	sakayan_chunks,sakayan_dialogue
102	瞻铡盏铡战湛铡斩	5	sakayan_chunks,sakayan_dialogue,sakayan_vocab
103	榨謤寨斋謤	5	sakayan_chunks,sakayan_dialogue,sakayan_vocab
104	宅榨咋崭謧	5	sakayan_chunks,sakayan_dialogue,sakayan_vocab
105	铡沾榨斩	5	sakayan_chunks,sakayan_dialogue,sakayan_vocab
106	湛斋寨斋斩	5	sakayan_chunks,sakayan_dialogue,sakayan_vocab
107	斩謤铡	5	sakayan_dialogue,sakayan_paradigms,sakayan_vocab
108	铡盏战蘸榨战	5	sakayan_chunks,sakayan_dialogue,sakayan_vocab
109	站謤铡	5	sakayan_chunks,sakayan_dialogue,sakayan_vocab
110	毡沾榨占	5	sakayan_dialogue,sakayan_vocab
111	眨铡謤崭謧斩	5	sakayan_chunks,sakayan_dialogue,sakayan_vocab
112	闸铡謤斋	5	sakayan_chunks,sakayan_dialogue,sakayan_vocab
113	謨崭詹崭謥	5	sakayan_chunks,sakayan_dialogue,sakayan_vocab
114	铡斩眨铡沾	5	sakayan_chunks,sakayan_dialogue
115	斩寨铡謤	5	sakayan_chunks,sakayan_dialogue
116	榨詹闸铡盏謤	5	sakayan_chunks,sakayan_dialogue
117	沾謤战榨宅	5	sakayan_chunks,sakayan_dialogue
118	寨铡謤崭盏	5	sakayan_chunks,sakayan_dialogue
119	寨榨战	4	sakayan_chunks,sakayan_dialogue,sakayan_vocab
120	瞻斋斩	4	sakayan_dialogue,sakayan_vocab
121	铡盏斩	4	sakayan_chunks,sakayan_dialogue,sakayan_vocab
122	铡盏謥榨宅榨宅	4	sakayan_chunks,sakayan_dialogue,sakayan_vocab
123	斋謤铡謤	4	sakayan_chunks,sakayan_dialogue,sakayan_vocab
124	眨湛斩榨宅	4	sakayan_vocab
125	闸铡謤毡謤	4	sakayan_dialogue,sakayan_vocab
126	謥崭謧謤湛	4	sakayan_chunks,sakayan_dialogue,sakayan_vocab
127	斋謤	4	sakayan_paradigms,sakayan_vocab
128	湛眨榨詹	4	sakayan_chunks,sakayan_dialogue,sakayan_vocab
129	栅崭謧謤战	4	sakayan_chunks,sakayan_dialogue,sakayan_vocab
130	榨謤斋湛铡战铡謤栅	4	sakayan_chunks,sakayan_dialogue,sakayan_vocab
131	瞻铡粘榨宅斋	4	sakayan_chunks,sakayan_dialogue,sakayan_vocab
132	崭謧摘榨詹	4	sakayan_chunks,sakayan_dialogue,sakayan_vocab
133	毡盏崭謧斩	4	sakayan_chunks,sakayan_dialogue,sakayan_vocab
134	炸斩寨榨謤	4	sakayan_chunks,sakayan_dialogue,sakayan_vocab
135	眨盏崭謧詹	4	sakayan_chunks,sakayan_dialogue,sakayan_vocab
136	崭謤斩	4	sakayan_chunks,sakayan_dialogue
137	瞻铡战謥榨	4	sakayan_chunks,sakayan_dialogue
138	湛铡战炸	4	sakayan_chunks,sakayan_dialogue
139	瞻榨占铡窄崭战	4	sakayan_chunks,sakayan_dialogue
140	湛铡战斩榨謤寨崭謧	4	sakayan_chunks,sakayan_dialogue
141	榨謤榨战崭謧斩	4	sakayan_chunks,sakayan_dialogue
142	栅摘站铡謤	4	sakayan_chunks,sakayan_dialogue
143	榨謤寨铡謤	4	sakayan_chunks,sakayan_dialogue
144	栅铡战	4	sakayan_chunks,sakayan_dialogue
145	榨謤寨崭謧	4	sakayan_chunks,sakayan_dialogue
146	謩斩斩榨沾	4	sakayan_chunks,sakayan_dialogue
147	栅铡战铡謤铡斩	4	sakayan_chunks,sakayan_dialogue
148	战榨詹铡斩	4	sakayan_chunks,sakayan_dialogue
149	沾铡湛斋湛	4	sakayan_chunks,sakayan_dialogue
150	崭站	4	sakayan_chunks,sakayan_dialogue
151	蘸榨湛謩	4	sakayan_chunks,sakayan_dialogue
152	蘸铡宅盏铡斩	4	sakayan_chunks,sakayan_dialogue
153	铡窄崭謤摘铡寨	4	sakayan_chunks,sakayan_dialogue
154	斩謤铡斩謩	4	sakayan_chunks,sakayan_dialogue
155	债铡斩崭诈铡謥斩榨沾	4	sakayan_chunks,sakayan_dialogue
156	崭謧謤铡窄	4	sakayan_dialogue
157	栅崭謧謩	4	sakayan_chunks,sakayan_dialogue
158	站铡湛	4	sakayan_chunks,sakayan_dialogue
159	摘铡沾铡斩榨宅	4	sakayan_chunks,sakayan_dialogue
160	眨斩铡謥謩	4	sakayan_chunks,sakayan_dialogue
161	战蘸斋湛铡寨	4	sakayan_chunks,sakayan_dialogue
162	斩辗铡斩铡寨榨宅	4	sakayan_chunks,sakayan_dialogue
163	謪謤铡謥崭謧盏謥	4	sakayan_chunks,sakayan_dialogue
164	眨謤铡栅铡謤铡斩	4	sakayan_chunks,sakayan_dialogue
165	謥铡站榨宅	4	sakayan_chunks,sakayan_dialogue
166	战寨战站榨宅	4	sakayan_chunks,sakayan_dialogue
167	粘铡辗铡寨	4	sakayan_chunks,sakayan_dialogue
168	宅崭詹铡宅	4	sakayan_chunks,sakayan_dialogue
169	榨站謤崭蘸铡	4	sakayan_chunks,sakayan_dialogue
170	斋斩展蘸榨战	3	sakayan_dialogue,sakayan_vocab
171	铡盏闸崭謧闸榨斩	3	sakayan_chunks,sakayan_dialogue,sakayan_vocab
172	炸斩栅崭謧斩榨宅	3	sakayan_vocab
173	战崭站崭謤榨宅	3	sakayan_chunks,sakayan_dialogue,sakayan_vocab
174	铡辗铡寨榨謤湛崭謧瞻斋	3	sakayan_chunks,sakayan_dialogue,sakayan_vocab
175	斩崭謤斋謥	3	sakayan_chunks,sakayan_dialogue,sakayan_vocab
176	湛铡謤斋	3	sakayan_dialogue,sakayan_vocab
177	眨崭謧盏斩	3	sakayan_vocab
178	瞻铡战寨铡斩崭謧沾	3	sakayan_dialogue,sakayan_vocab
179	瞻铡沾崭站	3	sakayan_dialogue,sakayan_vocab
180	瞻铡盏謤	3	sakayan_dialogue,sakayan_vocab
181	宅战榨宅	3	sakayan_dialogue,sakayan_vocab
182	斋謤榨斩謥	3	sakayan_paradigms,sakayan_vocab
183	沾斋_謪謤	3	sakayan_vocab
184	寨铡謤沾斋謤	3	sakayan_chunks,sakayan_dialogue,sakayan_vocab
185	斩铡謬	3	sakayan_chunks,sakayan_dialogue,sakayan_vocab
186	瞻铡眨崭謧战湛	3	sakayan_dialogue,sakayan_vocab
187	寨铡謤謬崭謤	3	sakayan_dialogue,sakayan_vocab
188	沾盏崭謧战	3	sakayan_vocab
189	榨謤榨窄铡	3	sakayan_chunks,sakayan_dialogue,sakayan_vocab
190	斩謤铡斩謥	3	sakayan_dialogue,sakayan_paradigms,sakayan_vocab
191	栅謤铡	3	sakayan_chunks,sakayan_dialogue,sakayan_vocab
192	铡占铡栈斋斩	3	sakayan_chunks,sakayan_dialogue,sakayan_vocab
193	眨宅崭謧窄	3	sakayan_chunks,sakayan_dialogue,sakayan_vocab
194	謩斋展	3	sakayan_chunks,sakayan_dialogue,sakayan_vocab
195	沾铡謤栅	3	sakayan_dialogue,sakayan_vocab
196	铡辗窄铡湛铡战榨謤	3	sakayan_vocab
197	眨榨湛斋斩	3	sakayan_vocab
198	栅斋沾榨宅	3	sakayan_chunks,sakayan_dialogue,sakayan_vocab
199	站榨謤栈铡蘸榨战	3	sakayan_dialogue,sakayan_vocab
200	崭謧战崭謧謥斋展	3	sakayan_chunks,sakayan_dialogue,sakayan_vocab
201	战寨战榨宅	3	sakayan_chunks,sakayan_dialogue,sakayan_vocab
202	瞻榨湛崭	3	sakayan_chunks,sakayan_dialogue,sakayan_vocab
203	闸崭宅崭謤炸	3	sakayan_chunks,sakayan_dialogue,sakayan_vocab
204	蘸榨战	3	sakayan_vocab
205	辗崭謧湛	3	sakayan_chunks,sakayan_dialogue,sakayan_vocab
206	謨铡寨	3	sakayan_chunks,sakayan_dialogue,sakayan_vocab
207	铡咋铡湛	3	sakayan_dialogue,sakayan_vocab
208	站铡詹炸	3	sakayan_chunks,sakayan_dialogue,sakayan_vocab
209	謥铡斩寨铡斩铡宅	3	sakayan_chunks,sakayan_dialogue,sakayan_vocab
210	沾榨謩榨斩铡	3	sakayan_chunks,sakayan_dialogue,sakayan_vocab
211	寨铡謤崭湛	3	sakayan_dialogue,sakayan_vocab
212	铡謤沾榨斩	3	sakayan_chunks,sakayan_dialogue
213	战铡謤盏铡斩	3	sakayan_chunks,sakayan_dialogue
214	展崭謤战	3	sakayan_chunks,sakayan_dialogue
215	辗斩崭謤瞻铡寨铡宅崭謧诈盏崭謧斩	3	sakayan_chunks,sakayan_dialogue
216	铡蘸謤榨战	3	sakayan_chunks,sakayan_dialogue
217	闸崭宅崭謤	3	sakayan_chunks,sakayan_dialogue
218	斋瞻铡謤寨榨	3	ghamoyan_fillers,sakayan_chunks,sakayan_dialogue
219	铡斩辗崭謧辗湛	3	sakayan_chunks,sakayan_dialogue
220	寨铡謤榨宅斋	3	sakayan_chunks,sakayan_dialogue
221	战铡占崭謧盏謥	3	sakayan_chunks,sakayan_dialogue
222	湛詹铡	3	sakayan_chunks,sakayan_dialogue
223	斋斩謩斩	3	sakayan_chunks,sakayan_dialogue
224	寨铡謤债榨宅	3	ghamoyan_fillers,sakayan_chunks,sakayan_dialogue
225	沾铡战斋斩	3	sakayan_dialogue
226	崭謧謤榨沾斩	3	ghamoyan_fillers,sakayan_dialogue
227	崭謧詹斋詹	3	sakayan_chunks,sakayan_dialogue
228	湛铡战	3	sakayan_chunks,sakayan_dialogue
229	眨謤站榨宅	3	sakayan_chunks,sakayan_dialogue
230	斋战寨铡蘸榨战	3	ghamoyan_fillers,sakayan_dialogue
231	瞻铡站铡謩崭謧盏诈	3	sakayan_chunks,sakayan_dialogue
232	榨詹铡斩铡寨	3	sakayan_chunks,sakayan_dialogue
233	崭展斋斩展	3	sakayan_chunks,sakayan_dialogue
234	展寨铡	3	sakayan_chunks,sakayan_dialogue
235	榨謤榨寨崭	3	sakayan_chunks,sakayan_dialogue
236	湛榨詹	3	sakayan_chunks,sakayan_dialogue
237	债謤铡眨斋謤	3	sakayan_chunks,sakayan_dialogue
238	战謤粘铡謤铡斩	3	sakayan_chunks,sakayan_dialogue
239	寨斋斩崭	3	sakayan_chunks,sakayan_dialogue
240	謩铡詹铡謩榨宅	3	sakayan_chunks,sakayan_dialogue
241	战湛榨詹债榨宅	2	sakayan_vocab
242	铡謤栅榨斩	2	sakayan_dialogue,sakayan_vocab
243	寨湛崭謤	2	sakayan_dialogue,sakayan_vocab
244	辗榨斩謩	2	sakayan_vocab
245	斋斩展蘸斋战斋	2	sakayan_dialogue,sakayan_vocab
246	窄崭謤瞻崭謧謤栅	2	sakayan_vocab
247	铡占铡栈铡謤寨榨宅	2	sakayan_vocab
248	謨崭謤毡榨宅	2	sakayan_dialogue,sakayan_vocab
249	闸占斩榨宅	2	sakayan_vocab
250	寨宅斋斩斋	2	sakayan_dialogue,sakayan_vocab
251	铡占铡栈	2	sakayan_dialogue,sakayan_vocab
252	湛榨战謩	2	sakayan_dialogue,sakayan_vocab
253	斋謤铡站铡謥	2	sakayan_dialogue,sakayan_vocab
254	辗斋斩榨宅	2	sakayan_vocab
255	债铡占	2	sakayan_vocab
256	湛崭謧斩	2	sakayan_dialogue,sakayan_vocab
257	站铡窄榨斩铡宅	2	sakayan_vocab
258	瞻榨占铡斩铡宅	2	sakayan_vocab
259	展站榨宅	2	sakayan_vocab
260	榨謤寨謤	2	sakayan_vocab
261	謪栅	2	sakayan_vocab
262	沾铡謤湛	2	sakayan_vocab
263	謪眨湛铡寨铡謤	2	sakayan_vocab
264	诈占展崭謧斩	2	sakayan_vocab
265	寨榨斩栅铡斩斋	2	sakayan_vocab
266	宅铡盏斩	2	sakayan_vocab
267	瞻铡寨铡占铡寨	2	sakayan_vocab
268	湛铡蘸铡宅榨宅	2	sakayan_vocab
269	謨斩湛謤榨宅	2	sakayan_dialogue,sakayan_vocab
270	謪眨斩铡寨铡斩	2	sakayan_dialogue,sakayan_vocab
271	沾湛斩榨宅	2	sakayan_vocab
272	瞻铡湛崭謧寨	2	sakayan_dialogue,sakayan_vocab
273	沾斋铡战斋斩	2	sakayan_dialogue,sakayan_vocab
274	栅榨謤铡战铡斩	2	sakayan_vocab
275	湛斩謪謤榨斩	2	sakayan_dialogue,sakayan_vocab
276	闸铡謤毡謤铡瞻铡战铡寨	2	sakayan_dialogue,sakayan_vocab
277	铡斩湛铡占	2	sakayan_dialogue,sakayan_vocab
278	寨铡沾铡謥	2	sakayan_vocab
279	沾榨詹沾	2	sakayan_dialogue,sakayan_vocab
280	铡謤謬	2	sakayan_dialogue,sakayan_vocab
281	瞻铡沾闸崭謧謤榨宅	2	sakayan_vocab
282	战斋謤崭謧斩	2	sakayan_dialogue,sakayan_vocab
283	斋_站榨謤栈崭	2	ghamoyan_fillers,sakayan_vocab
284	闸铡謥站榨宅	2	sakayan_dialogue,sakayan_vocab
285	謩铡詹铡謩	2	sakayan_dialogue,sakayan_vocab
286	謩战铡斩	2	sakayan_chunks,sakayan_dialogue
287	謩铡詹铡謩铡謥斋崭謧诈盏崭謧斩	2	sakayan_chunks,sakayan_dialogue
288	謩铡詹铡謩铡謥斋	2	sakayan_chunks,sakayan_dialogue
289	占崭謧战榨謤榨斩	2	sakayan_chunks,sakayan_dialogue
290	铡盏栅	2	sakayan_chunks,sakayan_dialogue
291	寨铡謤栅崭謧沾	2	sakayan_chunks,sakayan_dialogue
292	榨謤謬铡斩	2	sakayan_chunks,sakayan_dialogue
293	蘸铡謤崭斩盏铡斩	2	sakayan_chunks,sakayan_dialogue
294	瞻铡謤盏崭謧謤	2	sakayan_chunks,sakayan_dialogue
295	瞻斋战崭謧斩崭謧诈	2	sakayan_chunks,sakayan_dialogue
296	咋闸铡詹站榨宅	2	sakayan_chunks,sakayan_dialogue
297	崭謧战铡斩崭詹	2	sakayan_chunks,sakayan_dialogue
298	崭謧战崭謧沾斩铡战斋謤榨宅	2	sakayan_chunks,sakayan_dialogue
299	眨謤铡寨铡斩崭謧诈盏崭謧斩	2	sakayan_chunks,sakayan_dialogue
300	沾铡宅盏铡斩	2	sakayan_chunks,sakayan_dialogue
301	瞻斋斩眨	2	sakayan_chunks,sakayan_dialogue
302	寨崭沾斋湛铡战	2	sakayan_chunks,sakayan_dialogue
303	謩战铡斩崭謧诈	2	sakayan_chunks,sakayan_dialogue
304	瞻斋战崭謧斩沾榨寨	2	sakayan_chunks,sakayan_dialogue
305	铡辗窄铡湛榨宅	2	sakayan_chunks,sakayan_dialogue
306	铡瞻	2	sakayan_chunks,sakayan_dialogue
307	瞻铡盏	2	sakayan_chunks,sakayan_dialogue
308	窄崭战崭謧沾	2	sakayan_dialogue
309	闸斩铡站	2	sakayan_chunks,sakayan_dialogue
310	謩榨謤铡寨铡斩崭謧诈盏崭謧斩	2	sakayan_chunks,sakayan_dialogue
311	湛铡占榨謤	2	sakayan_chunks,sakayan_dialogue
312	辗铡闸铡诈炸	2	sakayan_chunks,sakayan_dialogue
313	眨謤铡战榨詹铡斩	2	sakayan_chunks,sakayan_dialogue
314	铡诈崭占	2	sakayan_chunks,sakayan_dialogue
315	眨謤謩榨謤	2	sakayan_chunks,sakayan_dialogue
316	湛榨湛謤榨謤	2	sakayan_chunks,sakayan_dialogue
317	眨謤斋展	2	sakayan_chunks,sakayan_dialogue
318	占榨湛斋斩	2	sakayan_chunks,sakayan_dialogue
319	崭謧战铡斩崭詹斩榨謤斩	2	sakayan_chunks,sakayan_dialogue
320	蘸铡湛	2	sakayan_chunks,sakayan_dialogue
321	眨謤铡湛铡窄湛铡寨	2	sakayan_chunks,sakayan_dialogue
322	摘铡沾铡謥崭謧盏謥	2	sakayan_chunks,sakayan_dialogue
323	窄斩栅謤榨宅	2	sakayan_chunks,sakayan_dialogue
324	蘸铡謤崭斩	2	sakayan_chunks,sakayan_dialogue
325	瞻铡辗站斋展	2	sakayan_chunks,sakayan_dialogue
326	寨湛铡謩	2	sakayan_chunks,sakayan_dialogue
327	瞻铡沾榨謥榨謩	2	sakayan_chunks,sakayan_dialogue
328	沾斋斩铡战	2	sakayan_dialogue
329	栈崭謧謤	2	sakayan_dialogue
330	战铡占炸	2	sakayan_dialogue
331	展铡謤摘榨	2	sakayan_chunks,sakayan_dialogue
332	蘸铡詹蘸铡詹铡寨	2	sakayan_chunks,sakayan_dialogue
333	瞻铡謥	2	sakayan_chunks,sakayan_dialogue
334	沾斋辗湛	2	sakayan_dialogue
335	沾铡盏謤斋寨	2	sakayan_dialogue
336	蘸铡湛謤铡战湛榨宅	2	sakayan_dialogue
337	诈铡斩	2	sakayan_chunks,sakayan_dialogue
338	寨宅謥斩榨战	2	sakayan_chunks,sakayan_dialogue
339	眨斋斩斋	2	sakayan_dialogue
340	寨榨斩铡謥栅	2	sakayan_chunks,sakayan_dialogue
341	战斋謤崭謧斩斋寨	2	sakayan_chunks,sakayan_dialogue
342	站榨謥	2	sakayan_chunks,sakayan_dialogue
343	铡沾战铡寨铡斩	2	sakayan_chunks,sakayan_dialogue
344	瞻铡沾铡寨謤榨宅斋	2	sakayan_chunks,sakayan_dialogue
345	斩辗铡斩铡债斩	2	sakayan_chunks,sakayan_dialogue
346	寨崭詹謩斋斩斩榨謤	2	sakayan_chunks,sakayan_dialogue
347	崭站謩榨謤	2	sakayan_chunks,sakayan_dialogue
348	债斩崭詹斩榨謤斋栅	2	sakayan_chunks,sakayan_dialogue
349	斩辗铡斩站铡债	2	sakayan_chunks,sakayan_dialogue
350	斩沾铡斩	2	sakayan_chunks,sakayan_dialogue
351	斋斩展謩铡斩	2	sakayan_chunks,sakayan_dialogue
352	寨铡謤债榨沾	2	sakayan_chunks,sakayan_dialogue
353	湛榨战铡	2	sakayan_chunks,sakayan_dialogue
354	铡盏眨榨宅	2	sakayan_chunks,sakayan_dialogue
355	铡辗窄铡湛铡寨斋謥	2	sakayan_chunks,sakayan_dialogue
356	债铡斩崭诈	2	sakayan_chunks,sakayan_dialogue
357	斩沾铡斩铡蘸榨战	2	sakayan_chunks,sakayan_dialogue
358	沾盏崭謧战斩榨謤	2	sakayan_chunks,sakayan_dialogue
359	闸斩铡寨铡謤铡斩	2	sakayan_chunks,sakayan_dialogue
360	寨铡謤债斋謩	2	ghamoyan_fillers,sakayan_dialogue
361	展榨寨铡站	2	sakayan_chunks,sakayan_dialogue
362	咋崭謧眨站铡债	2	sakayan_chunks,sakayan_dialogue
363	咋铡謤栅铡謤站铡债	2	sakayan_chunks,sakayan_dialogue
364	诈铡湛謤崭斩	2	sakayan_dialogue
365	栅铡	2	sakayan_dialogue
366	寨崭辗斋寨斩榨謤战	2	sakayan_chunks,sakayan_dialogue
367	展斩寨铡湛榨謥斋謤	2	sakayan_chunks,sakayan_dialogue
368	沾斋铡寨	2	sakayan_chunks,sakayan_dialogue
369	咋榨詹展	2	sakayan_chunks,sakayan_dialogue
370	站榨謤栈斩铡寨铡斩	2	sakayan_chunks,sakayan_dialogue
371	眨斋斩	2	sakayan_chunks,sakayan_dialogue
372	乍摘铡斩	2	sakayan_chunks,sakayan_dialogue
373	瞻铡咋铡謤	2	sakayan_chunks,sakayan_dialogue
374	栅謤铡沾	2	sakayan_chunks,sakayan_dialogue
375	謩铡斩斋战斩	2	sakayan_chunks,sakayan_dialogue
376	崭謧诈	2	sakayan_chunks,sakayan_dialogue
377	铡斩謥	2	sakayan_chunks,sakayan_dialogue
378	蘸铡湛謤铡战湛	2	sakayan_chunks,sakayan_dialogue
379	寨崭詹謩	2	sakayan_chunks,sakayan_dialogue
380	斩战湛斋謤	2	sakayan_chunks,sakayan_dialogue
381	謪眨斩斋謤	2	sakayan_chunks,sakayan_dialogue
382	眨斋謤謩炸	2	sakayan_chunks,sakayan_dialogue
383	闸铡謥	2	sakayan_chunks,sakayan_dialogue
384	铡謤铡	2	sakayan_chunks,sakayan_dialogue
385	崭謧辗铡斩榨宅	2	sakayan_chunks,sakayan_dialogue
386	毡铡窄	2	sakayan_dialogue
387	瞻铡沾铡寨铡謤眨斋展	2	sakayan_chunks,sakayan_dialogue
388	铡战铡謥榨謩	2	sakayan_chunks,sakayan_dialogue
389	咋眨榨宅	2	sakayan_chunks,sakayan_dialogue
390	栈榨謤沾崭謧诈盏崭謧斩	2	sakayan_chunks,sakayan_dialogue
391	眨崭謧謥榨	2	sakayan_chunks,sakayan_dialogue
392	瞻铡咋榨宅	2	sakayan_chunks,sakayan_dialogue
393	崭謧辗铡謥斩榨宅	2	sakayan_chunks,sakayan_dialogue
394	眨斩铡	2	sakayan_chunks,sakayan_dialogue
395	眨铡斩眨铡湛站榨宅	2	sakayan_chunks,sakayan_dialogue
396	寨崭寨崭謤栅	2	sakayan_chunks,sakayan_dialogue
397	栅崭詹铡謥斩榨宅	2	sakayan_chunks,sakayan_dialogue
398	謨崭謤	2	sakayan_chunks,sakayan_dialogue
399	謥铡站	2	sakayan_chunks,sakayan_dialogue
400	战斋謤湛	2	sakayan_chunks,sakayan_dialogue
401	窄铡占斩榨宅	2	sakayan_chunks,sakayan_dialogue
402	债铡斩謤	2	sakayan_chunks,sakayan_dialogue
403	站斋粘铡寨	2	sakayan_chunks,sakayan_dialogue
404	沾湛铡债榨宅	2	sakayan_chunks,sakayan_dialogue
405	榨謤謬斋	2	sakayan_chunks,sakayan_dialogue
406	謪眨斩榨謥榨謩	2	sakayan_chunks,sakayan_dialogue
407	榨謤榨窄铡盏斋战	2	sakayan_chunks,sakayan_dialogue
408	謩诈	2	sakayan_chunks,sakayan_dialogue
409	铡占铡湛	2	sakayan_chunks,sakayan_dialogue
410	铡謤盏崭謧斩	2	sakayan_chunks,sakayan_dialogue
411	寨斋沾铡斩铡斩謩	2	sakayan_chunks,sakayan_dialogue
412	榨謤铡斩斋	2	sakayan_chunks,sakayan_dialogue
413	眨铡謤斋	2	sakayan_chunks,sakayan_dialogue
414	斩铡窄崭謤栅	2	sakayan_chunks,sakayan_dialogue
415	寨湛榨战斩榨战	2	sakayan_chunks,sakayan_dialogue
416	詹榨寨铡站铡謤	2	sakayan_chunks,sakayan_dialogue
417	瞻崭謧战铡斩謩	2	sakayan_chunks,sakayan_dialogue
418	战窄铡宅站榨宅	2	sakayan_chunks,sakayan_dialogue
419	斩辗铡斩铡债	2	sakayan_chunks,sakayan_dialogue
420	湛榨战榨宅	2	sakayan_chunks,sakayan_dialogue
421	榨謤榨寨	2	sakayan_chunks,sakayan_dialogue
422	榨寨榨宅	2	sakayan_chunks,sakayan_dialogue
423	眨崭斩榨	2	sakayan_chunks,sakayan_dialogue
424	瞻铡謤謥斩榨战	2	sakayan_chunks,sakayan_dialogue
425	瞻铡眨榨宅	2	sakayan_chunks,sakayan_dialogue
426	铡斩粘铡辗铡寨	2	sakayan_chunks,sakayan_dialogue
427	窄崭战榨謥斋謤	2	sakayan_chunks,sakayan_dialogue
428	咋铡謤沾铡謥斩榨宅	2	sakayan_chunks,sakayan_dialogue
429	斩铡	2	sakayan_chunks,sakayan_dialogue
430	崭謧斩榨謥榨宅	2	sakayan_chunks,sakayan_dialogue
431	辗崭謧湛崭站	2	sakayan_chunks,sakayan_dialogue
432	辗崭眨	2	sakayan_chunks,sakayan_dialogue
433	寨铡謤粘	2	sakayan_chunks,sakayan_dialogue
434	栅謤战榨宅	2	sakayan_chunks,sakayan_dialogue
435	謪栅斩	2	sakayan_chunks,sakayan_dialogue
436	沾铡謩崭謧謤	2	sakayan_chunks,sakayan_dialogue
437	窄崭斩铡站	2	sakayan_chunks,sakayan_dialogue
438	眨謤铡战榨斩盏铡寨	2	sakayan_chunks,sakayan_dialogue
439	眨斩铡沾	2	sakayan_chunks,sakayan_dialogue
440	铡斩毡謤謬铡斩崭謥	2	sakayan_chunks,sakayan_dialogue
441	铡战铡	2	sakayan_chunks,sakayan_dialogue
442	崭謧謤闸铡诈	2	sakayan_dialogue
443	瞻謤铡站斋謤榨宅	2	sakayan_dialogue
444	瞻铡粘崭謧盏謩	2	sakayan_chunks,sakayan_dialogue
445	寨眨铡盏斋斩謩	2	sakayan_chunks,sakayan_dialogue
446	榨謤榨寨崭盏铡斩	2	sakayan_chunks,sakayan_dialogue
447	盏崭诈	2	sakayan_chunks,sakayan_dialogue
448	瞻铡謤沾铡謤	2	sakayan_chunks,sakayan_dialogue
449	战蘸铡战榨宅	2	sakayan_dialogue
450	寨崭謧咋榨斋謤	2	sakayan_dialogue
451	瞻斋战崭謧斩	2	sakayan_chunks,sakayan_dialogue
452	铡盏栅謩铡斩	2	sakayan_chunks,sakayan_dialogue
453	蘸铡謤湛榨咋榨宅	2	sakayan_chunks,sakayan_dialogue
454	崭謤謬乍	2	sakayan_chunks,sakayan_dialogue
455	謪眨斩榨宅	2	sakayan_chunks,sakayan_dialogue
456	辗斩崭謤瞻铡寨铡宅_榨沾	2	sakayan_chunks,sakayan_dialogue
457	铡斩蘸铡盏沾铡斩	2	sakayan_chunks,sakayan_dialogue
458	寨闸榨謤榨沾	2	sakayan_chunks,sakayan_dialogue
459	宅战斋謤	2	sakayan_chunks,sakayan_dialogue
460	寨眨铡战	2	sakayan_dialogue
461	斩铡窄	2	sakayan_chunks,sakayan_dialogue
462	瞻铡栈崭謤栅	2	sakayan_chunks,sakayan_dialogue
463	辗铡闸铡诈	2	sakayan_chunks,sakayan_dialogue
464	栅铡战榨謤	2	sakayan_chunks,sakayan_dialogue
465	瞻榨占崭謧	2	sakayan_chunks,sakayan_dialogue
466	诈斋铡站铡謤榨宅	2	sakayan_chunks,sakayan_dialogue
467	寨铡沾榨斩铡战	2	sakayan_chunks,sakayan_dialogue
468	寨炸斩寨榨謤铡斩铡沾	2	sakayan_chunks,sakayan_dialogue
469	榨謤榨窄铡斩榨謤	2	sakayan_chunks,sakayan_dialogue
470	眨斩崭謧沾	2	sakayan_chunks,sakayan_dialogue
471	沾榨寨斩崭謧沾	2	sakayan_chunks,sakayan_dialogue
472	粘铡斩铡蘸铡謤瞻	2	sakayan_chunks,sakayan_dialogue
473	斋沾	2	ghamoyan_fillers,sakayan_paradigms
474	榨謤榨謩	1	sakayan_vocab
475	沾斋宅斋崭斩	1	sakayan_vocab
476	闸斩铡寨斋展	1	sakayan_vocab
477	瞻铡盏榨謤	1	sakayan_vocab
478	窄崭战榨宅	1	sakayan_vocab
479	铡斩眨宅榨謤榨斩	1	sakayan_vocab
480	謫謤铡斩战榨謤榨斩	1	sakayan_vocab
481	眨榨謤沾铡斩榨謤榨斩	1	sakayan_vocab
482	铡盏宅	1	sakayan_vocab
483	瞻斩栅榨站謤崭蘸铡寨铡斩	1	sakayan_vocab
484	诈站铡寨铡斩	1	sakayan_vocab
485	湛铡占	1	sakayan_vocab
486	铡沾榨斩铡瞻	1	sakayan_vocab
487	謩謤斋战湛崭斩盏铡	1	sakayan_vocab
488	謩謤斋战湛崭斩榨崭謧诈盏崭謧斩	1	sakayan_vocab
489	蘸铡湛铡战窄铡斩	1	sakayan_vocab
490	窄崭謧沾闸	1	sakayan_vocab
491	铡辗铡寨榨謤湛	1	sakayan_vocab
492	瞻铡辗站榨宅	1	sakayan_vocab
493	崭謧战崭謧謥展崭謧瞻斋	1	sakayan_vocab
494	寨铡站斋粘	1	sakayan_vocab
495	寨斋战榨宅	1	sakayan_vocab
496	寨斋战榨沾	1	sakayan_vocab
497	蘸铡湛铡战窄铡斩榨宅	1	sakayan_vocab
498	謨崭辗斋	1	sakayan_vocab
499	沾斩铡	1	sakayan_vocab
500	寨栅铡占斩铡	1	sakayan_vocab
501	铡沾榨謤斋寨铡	1	sakayan_vocab
502	咋闸崭战铡辗謤栈斋寨	1	sakayan_vocab
503	崭謧詹榨寨謥榨宅	1	sakayan_vocab
504	榨謤謬铡斩謥	1	sakayan_vocab
505	崭謧战铡斩崭詹崭謧瞻	1	sakayan_vocab
506	站铡盏謤	1	sakayan_vocab
507	寨榨斩湛謤崭斩铡寨铡斩	1	sakayan_vocab
508	辗崭謧寨铡	1	sakayan_vocab
509	诈铡謤沾	1	sakayan_vocab
510	沾斋謤眨	1	sakayan_vocab
511	闸铡斩栈铡謤榨詹榨斩	1	sakayan_vocab
512	沾铡斩铡站铡斩栅	1	sakayan_vocab
513	栅榨詹毡	1	sakayan_vocab
514	诈崭謧咋	1	sakayan_vocab
515	战榨窄	1	sakayan_vocab
516	毡沾榨謤崭謧寨	1	sakayan_vocab
517	瞻铡蘸铡	1	sakayan_vocab
518	债斋謤铡斩	1	sakayan_vocab
519	湛榨战铡寨	1	sakayan_vocab
520	铡占铡湛崭謧诈盏崭謧斩	1	sakayan_vocab
521	眨榨詹榨謥寨崭謧诈盏崭謧斩	1	sakayan_vocab
522	瞻铡盏謤榨斩斋謩	1	sakayan_vocab
523	宅铡湛斋斩榨謤榨斩	1	sakayan_vocab
524	铡盏战斋斩謩斩	1	sakayan_vocab
525	战铡宅崭謤	1	sakayan_vocab
526	瞻铡战寨铡斩铡宅	1	sakayan_vocab
527	铡盏战謩铡斩	1	sakayan_vocab
528	崭謤栅斋	1	sakayan_vocab
529	瞻铡沾榨謤铡辗窄	1	sakayan_vocab
530	铡蘸謤榨宅	1	sakayan_vocab
531	瞻謤铡沾铡盏榨宅	1	sakayan_vocab
532	謥铡窄铡站榨宅	1	sakayan_vocab
533	寨崭湛謤榨宅	1	sakayan_vocab
534	寨铡謤崭詹铡斩铡宅	1	sakayan_vocab
535	摘铡沾铡斩铡寨	1	sakayan_vocab
536	謩铡斩栅榨宅	1	sakayan_vocab
537	辗盏崭謧詹	1	sakayan_vocab
538	湛站榨謥	1	sakayan_vocab
539	瞻榨辗湛崭謧诈盏崭謧斩	1	sakayan_vocab
540	铡占铡斩毡斋斩	1	sakayan_vocab
541	铡沾崭謧謤	1	sakayan_vocab
542	沾榨寨炸	1	sakayan_vocab
543	瞻铡詹诈榨宅	1	sakayan_vocab
544	寨占站榨宅	1	sakayan_vocab
545	窄占崭站榨宅	1	sakayan_vocab
546	瞻榨辗湛	1	sakayan_vocab
547	瞻铡盏榨宅斋	1	sakayan_vocab
548	铡詹栈斋寨	1	sakayan_vocab
549	战斋謤榨宅	1	sakayan_vocab
550	站铡占	1	sakayan_vocab
551	斩铡謤斩栈铡眨崭謧盏斩	1	sakayan_vocab
552	眨斩铡謤	1	sakayan_vocab
553	寨铡斩眨斩铡债	1	sakayan_vocab
554	瞻斋铡斩铡宅	1	sakayan_vocab
555	咋眨榨战湛	1	sakayan_vocab
556	寨崭辗斋寨	1	sakayan_vocab
557	栅崭謧謤_眨铡宅	1	sakayan_vocab
558	崭謧咋榨斩铡宅	1	sakayan_vocab
559	展乍謤	1	sakayan_vocab
560	瞻铡眨斩榨宅	1	sakayan_vocab
561	栅蘸謤崭謥	1	sakayan_vocab
562	瞻崭謧战铡瞻铡湛	1	sakayan_vocab
563	謩沾铡瞻铡粘	1	sakayan_vocab
564	瞻铡粘铡窄	1	sakayan_vocab
565	謨崭窄站榨宅	1	sakayan_vocab
566	寨謨崭窄站	1	sakayan_vocab
567	沾榨债铡斩铡宅	1	sakayan_vocab
568	瞻铡盏湛斩斋	1	sakayan_vocab
569	斩寨铡謤展崭謧瞻斋	1	sakayan_vocab
570	湛铡斩湛斋寨斋斩	1	sakayan_vocab
571	沾榨栈	1	sakayan_vocab
572	铡謤铡眨斋宅	1	sakayan_vocab
573	寨铡斩	1	sakayan_vocab
574	闸崭謧盏斩	1	sakayan_vocab
575	湛斩榨謤	1	sakayan_vocab
576	摘铡盏占	1	sakayan_vocab
577	摘铡盏占榨謤	1	sakayan_vocab
578	铡沾闸崭詹栈	1	sakayan_vocab
579	謥謤湛	1	sakayan_vocab
580	栅榨蘸斋	1	sakayan_vocab
581	瞻铡謤铡站	1	sakayan_vocab
582	眨盏崭謧詹铡謥斋	1	sakayan_vocab
583	湛铡謩铡斩铡宅	1	sakayan_vocab
584	謪湛铡謤	1	sakayan_vocab
585	寨謤寨斋斩	1	sakayan_vocab
586	站榨謤铡栅铡占斩铡宅	1	sakayan_vocab
587	闸铡咋沾铡斩铡宅	1	sakayan_vocab
588	斋斩	1	sakayan_vocab
589	闸斩	1	sakayan_vocab
590	謪毡	1	sakayan_vocab
591	謪毡榨謤	1	sakayan_vocab
592	站斩铡战铡湛崭謧	1	sakayan_vocab
593	謨斋詹	1	sakayan_vocab
594	瞻铡盏铡謥謩	1	sakayan_vocab
595	窄崭辗崭謤	1	sakayan_vocab
596	栅榨沾謩	1	sakayan_vocab
597	铡展謩	1	sakayan_vocab
598	铡盏斩謩铡斩	1	sakayan_vocab
599	眨謤榨诈榨	1	sakayan_vocab
600	榨謤謬铡宅	1	sakayan_vocab
601	铡寨铡斩栈	1	sakayan_vocab
602	沾榨栈謩	1	sakayan_vocab
603	崭湛謩	1	sakayan_vocab
604	湛毡謬	1	sakayan_vocab
605	沾崭謤诈	1	sakayan_vocab
606	眨崭謤辗	1	sakayan_vocab
607	闸榨謤铡斩	1	sakayan_vocab
608	摘铡斩斋謩	1	sakayan_vocab
609	崭謤崭斩謥	1	sakayan_vocab
610	榨謤寨铡謤崭謧诈盏崭謧斩	1	sakayan_vocab
611	沾榨湛謤	1	sakayan_vocab
612	铡斩謥斩榨宅	1	sakayan_vocab
613	寨斩粘斋诈	1	sakayan_vocab
614	崭謤蘸榨战	1	sakayan_vocab
615	毡榨占謩	1	sakayan_vocab
616	债铡占铡盏榨宅	1	sakayan_vocab
617	眨崭謤债崭詹崭謧诈盏崭謧斩	1	sakayan_vocab
618	寨铡湛铡謤榨宅	1	sakayan_vocab
619	展铡謨	1	sakayan_vocab
620	展铡謨榨謤	1	sakayan_vocab
621	崭謧湛榨宅斋謩	1	sakayan_vocab
622	眨崭瞻铡斩铡宅	1	sakayan_vocab
623	瞻榨咋	1	sakayan_vocab
624	闸铡謤榨寨铡沾	1	sakayan_vocab
625	炸斩寨榨謤铡寨铡斩	1	sakayan_vocab
626	崭謧摘	1	sakayan_vocab
627	战铡寨铡盏斩	1	sakayan_vocab
628	站湛铡斩眨铡站崭謤	1	sakayan_vocab
629	铡斩铡謤栅铡謤	1	sakayan_vocab
630	站铡謤站榨宅	1	sakayan_vocab
631	瞻铡謤站铡债榨宅	1	sakayan_vocab
632	寨崭窄寨占湛榨宅	1	sakayan_vocab
633	宅铡站铡眨崭謧盏斩	1	sakayan_vocab
634	站寨铡盏铡寨铡斩	1	sakayan_vocab
635	眨斋湛斩铡寨铡斩	1	sakayan_vocab
636	謨崭謤毡铡謤寨崭謧沾	1	sakayan_vocab
637	瞻铡盏湛铡謤铡謤站铡债	1	sakayan_vocab
638	铡斩债铡斩崭诈	1	sakayan_vocab
639	诈榨寨斩铡债崭謧	1	sakayan_vocab
640	闸斩崭謧诈铡眨斋謤	1	sakayan_vocab
641	战蘸铡战铡战謤铡瞻	1	sakayan_vocab
642	站榨謤	1	sakayan_vocab
643	寨榨斩铡宅	1	sakayan_vocab
644	咋斋栈榨宅	1	sakayan_vocab
645	湛铡謤榨謥	1	sakayan_vocab
646	瞻铡斩榨宅	1	sakayan_vocab
647	謨铡寨榨宅	1	sakayan_vocab
648	铡詹沾崭謧寨	1	sakayan_vocab
649	謩铡詹铡謩铡站铡謤斋	1	sakayan_vocab
650	斩謤闸铡斩寨铡湛	1	sakayan_vocab
651	诈崭辗铡寨	1	sakayan_vocab
652	战湛铡斩铡宅	1	sakayan_vocab
653	沾湛铡站崭謤	1	sakayan_vocab
654	寨铡謤崭詹崭謧诈盏崭謧斩	1	sakayan_vocab
655	炸斩栅崭謧斩铡寨	1	sakayan_vocab
656	铡謤铡眨	1	sakayan_vocab
657	粘辗眨謤斋湛	1	sakayan_vocab
658	眨崭瞻铡謥斩榨宅	1	sakayan_vocab
659	謨崭謤毡	1	sakayan_vocab
660	瞻斩铡謤铡站崭謤崭謧诈盏崭謧斩	1	sakayan_vocab
661	栅謤战謬崭謤站榨宅	1	sakayan_vocab
662	瞻铡湛寨崭謧诈盏崭謧斩	1	sakayan_vocab
663	站榨謤謥謤铡债	1	sakayan_vocab
664	沾斋诈榨	1	sakayan_vocab
665	謨铡盏宅崭謧斩	1	sakayan_vocab
666	铡謤摘榨斩铡宅	1	sakayan_vocab
667	瞻铡辗站铡蘸铡瞻	1	sakayan_vocab
668	眨盏崭謧詹铡湛斩湛榨战	1	sakayan_vocab
669	粘铡謤湛铡謤铡蘸榨湛	1	sakayan_vocab
670	铡謤站榨战湛铡眨榨湛	1	sakayan_vocab
671	斩寨铡謤斋展	1	sakayan_vocab
672	瞻铡謥铡眨崭謤债	1	sakayan_vocab
673	站铡謤战铡站斋謤	1	sakayan_vocab
674	栅铡謤闸斋斩	1	sakayan_vocab
675	崭謤沾斩铡栅斋謤	1	sakayan_vocab
676	瞻盏崭謧战斩	1	sakayan_vocab
677	沾战铡站铡粘铡占	1	sakayan_vocab
678	铡湛铡詹毡铡眨崭謤债	1	sakayan_vocab
679	眨铡斩毡铡蘸铡瞻	1	sakayan_vocab
680	辗斋斩铡謤铡謤	1	sakayan_vocab
681	窄崭瞻铡謤铡謤	1	sakayan_vocab
682	铡湛铡沾斩铡闸崭謧盏摘	1	sakayan_vocab
683	栅斋站铡斩铡眨榨湛	1	sakayan_vocab
684	栅榨謤毡铡寨	1	sakayan_vocab
685	湛斩湛榨战铡眨榨湛	1	sakayan_vocab
686	斋斩摘榨斩榨謤	1	sakayan_vocab
687	粘铡謤湛铡謤铡眨榨湛	1	sakayan_vocab
688	毡榨占斩铡謤寨铡湛榨謤	1	sakayan_vocab
689	榨謤寨謤铡闸铡斩	1	sakayan_vocab
690	崭战寨榨謤斋展	1	sakayan_vocab
691	站铡謤战铡瞻铡謤栅铡謤	1	sakayan_vocab
692	謩斩斩斋展	1	sakayan_vocab
693	宅謤铡眨謤崭詹	1	sakayan_vocab
694	栅铡湛铡站崭謤	1	sakayan_vocab
695	斋謤铡站铡闸铡斩	1	sakayan_vocab
696	宅榨咋站铡闸铡斩	1	sakayan_vocab
697	站铡粘铡占铡寨铡斩	1	sakayan_vocab
698	闸崭謧摘謩崭謧盏謤	1	sakayan_vocab
699	闸崭謧摘铡寨	1	sakayan_vocab
700	斩榨謤寨铡謤铡謤	1	sakayan_vocab
701	栅榨詹铡眨崭謤债	1	sakayan_vocab
702	闸铡斩铡战榨謤	1	sakayan_vocab
703	宅崭謧战铡斩寨铡謤斋展	1	sakayan_vocab
704	栅铡辗斩铡寨铡瞻铡謤	1	sakayan_vocab
705	謪栅铡展崭謧	1	sakayan_vocab
706	闸铡斩铡战湛榨詹债	1	sakayan_vocab
707	崭战湛斋寨铡斩	1	sakayan_vocab
708	站铡謤展铡蘸榨湛	1	sakayan_vocab
709	謩铡瞻铡斩铡	1	sakayan_vocab
710	栅铡战铡窄崭战	1	sakayan_vocab
711	债謤铡眨謤铡站崭謤崭詹	1	sakayan_vocab
712	瞻謤铡湛铡謤铡寨斋展	1	sakayan_vocab
713	诈詹诈铡寨斋謥	1	sakayan_vocab
714	謩铡謤湛崭謧詹铡謤	1	sakayan_vocab
715	寨崭辗寨铡寨铡謤	1	sakayan_vocab
716	站铡謤崭謤栅	1	sakayan_vocab
717	沾铡战斩铡眨榨湛	1	sakayan_vocab
718	站斋謤铡闸崭謧盏摘	1	sakayan_vocab
719	铡占謬湛謤铡寨铡斩	1	sakayan_vocab
720	铡斩铡战斩铡闸崭謧盏摘	1	sakayan_vocab
721	摘铡沾铡眨崭謤债	1	sakayan_vocab
722	闸铡斩站崭謤	1	sakayan_vocab
723	债榨謤	1	sakayan_vocab
724	铡咋斩斋站	1	sakayan_vocab
725	铡斩铡咋斩斋站	1	sakayan_vocab
726	咋眨崭謧盏辗	1	sakayan_vocab
727	铡斩咋眨崭謧盏辗	1	sakayan_vocab
728	债崭謧盏宅	1	sakayan_vocab
729	铡占铡湛铡毡榨占斩	1	sakayan_vocab
730	摘宅铡湛	1	sakayan_vocab
731	眨榨謤	1	sakayan_vocab
732	斩斋瞻铡謤	1	sakayan_vocab
733	诈铡謨诈謨站铡债	1	sakayan_vocab
734	寨崭寨斋寨	1	sakayan_vocab
735	诈崭謧窄	1	sakayan_vocab
736	窄铡謤湛盏铡辗	1	sakayan_vocab
737	寨铡謤粘铡瞻铡战铡寨	1	sakayan_vocab
738	湛瞻铡粘	1	sakayan_vocab
739	瞻榨湛铡謩謤謩謤铡寨铡斩	1	sakayan_vocab
740	毡铡斩毡謤铡宅斋	1	sakayan_vocab
741	瞻榨湛铡謩謤謩謤铡战榨謤	1	sakayan_vocab
742	铡斩湛铡謤闸榨謤	1	sakayan_vocab
743	诈崭謧盏宅	1	sakayan_vocab
744	謩铡栈	1	sakayan_vocab
745	铡斩站铡窄	1	sakayan_vocab
746	站铡窄寨崭湛	1	sakayan_vocab
747	宅崭謧謤栈	1	sakayan_vocab
748	诈榨诈謬铡沾斋湛	1	sakayan_vocab
749	粘辗沾铡謤斋湛	1	sakayan_vocab
750	蘸铡湛沾崭謧诈盏崭謧斩	1	sakayan_vocab
751	湛榨謤謬铡窄斋湛	1	sakayan_vocab
752	湛榨謤謬	1	sakayan_vocab
753	栅榨詹斩榨宅	1	sakayan_vocab
754	崭战寨榨眨崭謧盏斩	1	sakayan_vocab
755	铡辗崭謧斩	1	sakayan_vocab
756	诈铡謨榨宅	1	sakayan_vocab
757	謨铡诈斋宅	1	sakayan_vocab
758	债铡债寨榨宅	1	sakayan_vocab
759	沾榨謤寨铡謥铡债	1	sakayan_vocab
760	粘盏崭謧詹	1	sakayan_vocab
761	謨铡謨崭謧寨	1	sakayan_vocab
762	站榨謤沾铡寨	1	sakayan_vocab
763	铡斩瞻榨湛铡斩铡宅	1	sakayan_vocab
764	瞻崭站	1	sakayan_vocab
765	辗崭盏榨宅	1	sakayan_vocab
766	謩斩铡债	1	sakayan_vocab
767	债铡眨榨宅	1	sakayan_vocab
768	债铡债寨站榨宅	1	sakayan_vocab
769	闸崭詹闸崭栈	1	sakayan_vocab
770	债铡詹斋寨	1	sakayan_vocab
771	瞻铡眨謥斩榨宅	1	sakayan_vocab
772	寨铡窄站榨宅	1	sakayan_vocab
773	蘸湛崭謧詹	1	sakayan_vocab
774	謨铡盏宅榨宅	1	sakayan_vocab
775	蘸崭寨榨宅	1	sakayan_vocab
776	崭战寨斋	1	sakayan_vocab
777	站榨謤栈铡斩铡宅	1	sakayan_vocab
778	寨謤寨斩站榨宅	1	sakayan_vocab
779	寨铡謤崭湛榨宅	1	sakayan_vocab
780	蘸铡盏债铡占	1	sakayan_vocab
781	榨謤眨崭詹	1	sakayan_vocab
782	栅铡辗湛	1	sakayan_vocab
783	闸铡謥榨宅	1	sakayan_vocab
784	诈崭詹	1	sakayan_vocab
785	债铡詹寨榨宅	1	sakayan_vocab
786	站铡謤栅	1	sakayan_vocab
787	沾榨窄铡寨	1	sakayan_vocab
788	辗崭謧辗铡斩	1	sakayan_vocab
789	铡咋铡湛站榨宅	1	sakayan_vocab
790	謥铡湛寨崭湛榨宅	1	sakayan_vocab
791	謩榨占斋	1	sakayan_vocab
792	謨崭謩謤斋寨	1	sakayan_vocab
793	诈崭謧诈铡寨	1	sakayan_vocab
794	债榨謤崭謧斩斋	1	sakayan_vocab
795	站铡斩栅铡寨	1	sakayan_vocab
796	蘸铡瞻榨宅	1	sakayan_vocab
797	诈占展寨崭湛榨宅	1	sakayan_vocab
798	謨铡窄展榨宅	1	sakayan_vocab
799	寨铡斩展榨宅	1	sakayan_vocab
800	瞻铡謤謬铡斩	1	sakayan_vocab
801	眨謤蘸铡斩	1	sakayan_vocab
802	斩榨謤战	1	sakayan_vocab
803	战斋謤榨宅斋	1	sakayan_vocab
804	辗斩崭謤瞻铡站崭謤榨宅	1	sakayan_vocab
805	铡占崭詹栈崭謧诈盏崭謧斩	1	sakayan_vocab
806	榨謤栈铡斩寨崭謧诈盏崭謧斩	1	sakayan_vocab
807	斩铡沾铡寨	1	sakayan_vocab
808	崭謧謤铡窄铡謥斩榨宅	1	sakayan_vocab
809	謩铡盏宅榨宅	1	sakayan_vocab
810	栅斋湛榨宅	1	sakayan_vocab
811	湛铡謤闸榨謤	1	sakayan_vocab
812	瞻榨债铡斩斋站	1	sakayan_vocab
813	咋闸崭战铡盏眨	1	sakayan_vocab
814	沾謤謥榨宅	1	sakayan_vocab
815	闸斩崭謧诈盏崭謧斩	1	sakayan_vocab
816	铡謤毡铡寨崭謧謤栅	1	sakayan_vocab
817	铡斩瞻铡沾闸榨謤	1	sakayan_vocab
818	湛崭斩榨宅	1	sakayan_vocab
819	债斩斩栅盏铡斩	1	sakayan_vocab
820	诈崭占斩斋寨	1	sakayan_vocab
821	謥湛榨战崭謧诈盏崭謧斩	1	sakayan_dialogue
822	寨眨斩铡斩謩	1	sakayan_dialogue
823	寨咋铡斩眨铡瞻铡謤榨斩謩	1	sakayan_dialogue
824	栅铡战铡眨斋謤謩	1	sakayan_dialogue
825	栅謤铡斩	1	sakayan_dialogue
826	铡沾榨斩_斋斩展	1	sakayan_dialogue
827	窄铡詹	1	sakayan_dialogue
828	蘸铡謤	1	sakayan_dialogue
829	站榨謤铡栅铡謤毡謤崭謧	1	sakayan_dialogue
830	謪瞻	1	sakayan_dialogue
831	债铡謤铡站	1	sakayan_dialogue
832	闸铡摘铡寨	1	sakayan_dialogue
833	寨闸榨謤榨战	1	sakayan_dialogue
834	寨占铡瞻榨宅	1	sakayan_dialogue
835	战铡占斩	1	sakayan_dialogue
836	謩铡詹謥謤	1	sakayan_dialogue
837	寨铡謤寨铡斩栅铡寨	1	sakayan_dialogue
838	铡詹	1	sakayan_dialogue
839	寨謨崭窄铡斩謥榨战	1	sakayan_dialogue
840	宅铡站铡辗	1	sakayan_dialogue
841	粘铡辗	1	sakayan_dialogue
842	粘铡辗榨謤	1	sakayan_dialogue
843	窄沾榨宅	1	sakayan_dialogue
844	寨铡沾	1	sakayan_dialogue
845	窄沾斋展謩	1	sakayan_dialogue
846	寨崭湛铡盏謩	1	sakayan_dialogue
847	眨铡謤榨栈崭謧謤	1	sakayan_dialogue
848	湛铡湛斋寨	1	sakayan_dialogue
849	蘸铡蘸斋寨	1	sakayan_dialogue
850	债斩崭詹斩榨謤	1	sakayan_dialogue
851	湛铡湛	1	sakayan_dialogue
852	斋斩斩战崭謧斩	1	sakayan_dialogue
853	债铡斩崭诈铡斩铡斩謩	1	sakayan_dialogue
854	债铡斩崭诈铡斩铡宅	1	sakayan_dialogue
855	铡咋铡謤盏铡斩	1	sakayan_dialogue
856	寨铡謤斋斩榨斩	1	sakayan_dialogue
857	湛铡斩湛榨謤	1	sakayan_dialogue
858	栅铡战炸斩寨榨謤	1	sakayan_dialogue
859	债铡斩崭诈铡謥斋謤	1	sakayan_dialogue
860	铡斩毡铡沾闸	1	sakayan_dialogue
861	债铡斩崭诈铡斩榨宅	1	sakayan_dialogue
862	湛榨詹铡謨崭窄站榨宅	1	sakayan_dialogue
863	湛榨战铡謤铡斩	1	sakayan_dialogue
864	寨铡瞻崭謧盏謩	1	sakayan_dialogue
865	站榨謤栈榨謤战	1	sakayan_dialogue
866	眨斩榨謥	1	sakayan_dialogue
867	眨崭謤眨	1	sakayan_dialogue
868	盏崭謧詹铡斩寨铡謤	1	sakayan_dialogue
869	栅摘站铡謤铡斩榨宅	1	sakayan_dialogue
870	摘铡沾铡斩铡寨铡寨斋謥	1	sakayan_dialogue
871	铡謤站榨战湛	1	sakayan_dialogue
872	眨宅窄铡謤寨	1	sakayan_dialogue
873	闸铡謤崭站	1	sakayan_dialogue
874	沾铡辗榨战	1	sakayan_dialogue
875	斩寨铡湛榨謥	1	sakayan_dialogue
876	沾斋铡盏斩	1	sakayan_dialogue
877	寨謤崭謧斩寨斩榨謤	1	sakayan_dialogue
878	謥崭謧盏謥	1	sakayan_dialogue
879	謥崭謧謥铡謨榨詹寨	1	sakayan_dialogue
880	寨铡蘸崭謧盏湛	1	sakayan_dialogue
881	展铡謨战	1	sakayan_dialogue
882	沾斋斩展謬	1	sakayan_dialogue
883	眨斩榨宅	1	sakayan_dialogue
884	謪謤站铡	1	sakayan_dialogue
885	诈榨謤诈榨謤斩	1	sakayan_dialogue
886	铡沾战铡眨謤榨謤	1	sakayan_dialogue
887	眨斩铡謥榨謩	1	sakayan_dialogue
888	寨崭詹沾榨宅	1	sakayan_dialogue
889	诈榨謤诈	1	sakayan_dialogue
890	寨謤蘸铡寨	1	sakayan_dialogue
891	闸铡占	1	sakayan_dialogue
892	寨謤寨斩榨宅	1	sakayan_dialogue
893	诈榨謩榨宅	1	sakayan_dialogue
894	栅斋沾铡謥	1	sakayan_dialogue
895	栅崭謧占	1	sakayan_dialogue
896	蘸铡湛铡瞻榨宅	1	sakayan_dialogue
897	眨崭謧斩铡湛	1	sakayan_dialogue
898	瞻斋站铡斩栅	1	sakayan_dialogue
899	寨湛謤站榨宅	1	sakayan_dialogue
900	蘸铡湛粘铡占	1	sakayan_dialogue
901	湛榨战铡謤	1	sakayan_dialogue
902	战謤铡斩	1	sakayan_dialogue
903	榨宅崭謧盏诈	1	sakayan_dialogue
904	站榨謤栈斋斩	1	sakayan_dialogue
905	摘崭詹崭站	1	sakayan_dialogue
906	湛蘸铡站崭謤斋展	1	sakayan_dialogue
907	展窄崭战榨謥	1	sakayan_dialogue
908	沾榨债铡沾斋湛	1	sakayan_dialogue
909	诈站榨宅	1	sakayan_dialogue
910	铡謤湛铡謩斋斩	1	sakayan_dialogue
911	寨铡战榨战	1	sakayan_dialogue
912	斩榨謤寨铡盏铡斩铡宅	1	sakayan_dialogue
913	榨寨铡站	1	sakayan_dialogue
914	湛铡謤斋謩	1	sakayan_dialogue
915	展寨铡謤崭詹铡謥铡	1	sakayan_dialogue
916	债铡占榨謤	1	sakayan_dialogue
917	寨铡斩铡展榨宅	1	sakayan_dialogue
918	债铡詹斋寨斩榨謤炸	1	sakayan_dialogue
919	湛铡謤站铡	1	sakayan_dialogue
920	沾斩铡謥斋斩謩	1	sakayan_dialogue
921	蘸铡湛崭謧瞻铡斩	1	sakayan_dialogue
922	展闸铡謥榨斩謩	1	sakayan_dialogue
923	铡斩毡謤謬	1	sakayan_dialogue
924	斩铡盏斋謤	1	sakayan_dialogue
925	铡沾蘸榨謤斋斩	1	sakayan_dialogue
926	崭謤崭湛榨宅	1	sakayan_dialogue
927	瞻铡眨斋謤	1	sakayan_dialogue
928	咋崭站	1	sakayan_dialogue
929	铡战湛斋粘铡斩	1	sakayan_dialogue
930	咋謤崭盏	1	sakayan_dialogue
931	謥铡债謤	1	sakayan_dialogue
932	謩铡沾斋	1	sakayan_dialogue
933	寨铡謤债榨战	1	sakayan_dialogue
934	眨铡斩眨铡湛站斋謤	1	sakayan_dialogue
935	斩崭謧盏斩	1	sakayan_dialogue
936	铡沾占铡斩	1	sakayan_dialogue
937	毡沾占铡斩炸	1	sakayan_dialogue
938	寨崭謧咋榨	1	sakayan_dialogue
939	铡沾崭謧战斩崭謧斩	1	sakayan_dialogue
940	炸斩诈謤斋謩	1	sakayan_dialogue
941	沾榨斩謩	1	sakayan_dialogue
942	沾榨斩铡寨	1	sakayan_dialogue
943	瞻盏崭謧謤	1	sakayan_dialogue
944	謫謤铡斩战斋铡	1	sakayan_dialogue
945	沾斋斩展	1	sakayan_dialogue
946	眨崭瞻铡謤	1	sakayan_dialogue
947	寨斋謤铡寨斋	1	sakayan_dialogue
948	铡占斋诈	1	sakayan_dialogue
949	铡沾崭謧战斩崭謧诈盏崭謧斩	1	sakayan_dialogue
950	謤栅	1	sakayan_dialogue
951	湛铡謤榨栅铡謤毡	1	sakayan_dialogue
952	铡斩铡寨斩寨铡宅	1	sakayan_dialogue
953	瞻崭眨崭謧	1	sakayan_dialogue
954	榨謤铡摘辗湛崭謧诈盏崭謧斩	1	sakayan_dialogue
955	闸榨謤	1	sakayan_dialogue
956	铡沾榨斩铡盏斩	1	sakayan_dialogue
957	闸榨謤榨沾	1	sakayan_dialogue
958	斩铡窄炸斩湛謤榨宅	1	sakayan_dialogue
959	眨铡詹铡謨铡謤	1	sakayan_dialogue
960	眨斩铡謥斋斩謩	1	sakayan_dialogue
961	宅粘铡謨	1	sakayan_dialogue
962	寨崭詹沾	1	sakayan_dialogue
963	宅榨占	1	sakayan_dialogue
964	眨榨謤沾铡斩斋铡	1	sakayan_dialogue
965	铡沾崭謧战斋斩	1	sakayan_dialogue
966	瞻崭謧斩铡战湛铡斩	1	sakayan_dialogue
967	榨謤謤崭謤栅	1	sakayan_dialogue
968	崭謤崭辗榨宅	1	sakayan_dialogue
969	瞻盏崭謧謤榨謤	1	sakayan_dialogue
970	占崭謧战铡战湛铡斩	1	sakayan_dialogue
971	謩崭	1	sakayan_paradigms
972	铡盏战蘸斋战斋	1	ghamoyan_fillers
973	斋_栅榨蘸	1	ghamoyan_fillers
974	斋_沾斋栈斋_铡盏宅崭謥	1	ghamoyan_fillers
975	瞻铡沾榨斩铡盏斩_栅榨蘸战	1	ghamoyan_fillers
976	炸战湛_乍崭謧诈盏铡斩	1	ghamoyan_fillers
977	斋謤铡寨铡斩崭謧沾	1	ghamoyan_fillers
978	崭謧詹詹铡寨斋	1	ghamoyan_fillers
979	蘸铡謤咋铡蘸榨战	1	ghamoyan_fillers
980	寨铡謤债榨战_诈榨	1	ghamoyan_fillers
981	沾斋_窄崭战謩崭站	1	ghamoyan_fillers
982	寨铡謤粘_铡战铡债	1	ghamoyan_fillers
983	铡盏战蘸榨战_铡战铡债	1	ghamoyan_fillers
984	榨斩诈铡栅謤榨宅	1	ghamoyan_fillers
985	沾斋_湛榨战铡寨	1	ghamoyan_fillers
986	榨战斋沾	1	ghamoyan_fillers
987	謪謫_榨战斋沾	1	ghamoyan_fillers
988	湛榨斩謥	1	ghamoyan_fillers
989	湛榨斩謥_闸铡斩榨謤	1	ghamoyan_fillers
990	闸铡	1	ghamoyan_fillers
991	栅榨	1	ghamoyan_fillers
992	闸铡斩炸	1	ghamoyan_fillers
993	蘸铡謤咋_铡	1	ghamoyan_fillers
994	宅战	1	ghamoyan_fillers
995	窄崭战謩	1	ghamoyan_fillers
996	謩謥榨宅	1	ghamoyan_fillers
